DBSCAN,RUL_fca_bin,count
-1,Low,210
-1,Medium,86
-1,High,66
0,Low,33
1,High,6
1,Low,2
1,Medium,1
2,High,6
2,Low,2
2,Medium,1
3,High,6
3,Medium,2
3,Low,1
4,High,6
4,Medium,2
4,Low,1
5,High,5
5,Low,1
6,High,5
6,Low,1
7,High,5
7,Low,1
8,High,5
8,Low,1
9,High,15
9,Low,3
10,High,5
10,Low,1
11,High,5
11,Low,1
12,High,5
12,Low,1
13,High,5
13,Low,1
14,High,5
14,Low,1
15,High,5
15,Low,1
16,High,5
16,Low,1
17,High,10
17,Low,2
18,High,5
18,Low,1
19,High,15
19,Low,3
20,High,10
20,Low,2
21,High,5
21,Low,1
22,High,5
22,Low,1
23,High,10
23,Low,2
24,High,10
24,Low,2
25,High,5
25,Low,1
26,High,5
26,Low,1
27,Low,4
27,Medium,1
27,High,1
28,High,6
28,Low,4
28,Medium,2
29,Low,24
29,Medium,6
29,High,6
30,High,3
30,Low,2
30,Medium,1
31,High,3
31,Low,2
31,Medium,1
32,Low,4
32,High,1
32,Medium,1
33,High,18
33,Low,11
33,Medium,7
34,Low,4
34,Medium,1
34,High,1
35,Low,4
35,Medium,1
35,High,1
36,High,3
36,Low,2
36,Medium,1
37,Low,4
37,Medium,1
37,High,1
38,High,3
38,Low,2
38,Medium,1
39,Low,4
39,Medium,1
39,High,1
40,High,3
40,Low,2
40,Medium,1
41,High,6
41,Low,4
41,Medium,2
42,High,3
42,Low,2
42,Medium,1
43,High,3
43,Low,2
43,Medium,1
44,High,3
44,Low,2
44,Medium,1
45,High,3
45,Low,2
45,Medium,1
46,Medium,3
46,High,3
47,High,3
47,Medium,2
47,Low,1
48,High,3
48,Medium,3
49,Medium,3
49,High,3
50,High,3
50,Medium,2
50,Low,1
51,High,3
51,Medium,2
51,Low,1
52,High,3
52,Medium,2
52,Low,1
53,High,3
53,Medium,2
53,Low,1
54,High,3
54,Medium,2
54,Low,1
55,High,3
55,Medium,2
55,Low,1
56,High,3
56,Medium,3
57,High,6
57,Medium,4
57,Low,2
58,Medium,6
58,High,6
59,High,4
59,Medium,2
60,High,3
60,Medium,2
60,Low,1
61,High,15
61,Medium,10
61,Low,5
62,High,3
62,Medium,2
62,Low,1
63,Medium,3
63,High,3
64,High,3
64,Medium,2
64,Low,1
65,High,3
65,Medium,2
65,Low,1
66,High,3
66,Medium,2
66,Low,1
67,High,3
67,Medium,2
67,Low,1
68,High,3
68,Medium,2
68,Low,1
69,Low,6
69,High,2
70,Low,6
70,High,2
71,Low,6
71,High,2
72,Low,6
72,High,2
73,Low,6
73,High,2
74,Low,6
74,High,2
75,Low,6
75,High,2
76,Low,6
76,High,2
77,Low,12
77,High,4
78,Low,5
78,High,2
78,Medium,1
79,Low,6
79,High,2
80,Low,6
80,High,2
81,Low,6
81,High,2
82,Low,6
82,High,2
83,Low,6
83,High,2
84,Low,6
84,High,2
85,Low,12
85,High,4
86,Low,30
86,High,10
87,Low,6
87,High,2
88,Low,6
88,High,2
89,Low,6
89,High,2
90,Low,6
90,High,2
91,Low,6
91,High,2
92,Low,6
92,High,2
93,Low,12
93,High,4
94,High,19
94,Low,6
94,Medium,5
95,Medium,3
95,Low,2
95,High,1
96,High,4
96,Medium,1
96,Low,1
97,High,4
97,Low,1
97,Medium,1
98,Medium,3
98,Low,2
98,High,1
99,Low,3
99,High,2
99,Medium,1
100,High,4
100,Medium,1
100,Low,1
101,Medium,3
101,Low,2
101,High,1
102,Medium,3
102,Low,2
102,High,1
103,High,4
103,Low,1
103,Medium,1
104,Medium,3
104,Low,2
104,High,1
105,High,2
105,Medium,2
105,Low,2
106,Low,3
106,High,2
106,Medium,1
107,High,5
107,Low,1
107,Medium,1
108,High,5
108,Medium,1
108,Low,1
109,High,5
109,Low,1
109,Medium,1
110,High,4
110,Low,2
110,Medium,1
111,High,5
111,Low,1
111,Medium,1
112,High,5
112,Medium,1
112,Low,1
113,High,5
113,Low,1
113,Medium,1
114,High,5
114,Medium,1
114,Low,1
115,High,5
115,Medium,1
115,Low,1
116,High,10
116,Medium,2
116,Low,2
117,High,5
117,Medium,1
117,Low,1
118,High,5
118,Medium,2
119,High,5
119,Low,1
119,Medium,1
120,High,5
120,Medium,2
121,High,10
121,Medium,4
122,High,5
122,Medium,2
123,High,5
123,Medium,2
124,High,5
124,Medium,2
125,Medium,3
125,Low,2
125,High,1
126,Medium,6
126,Low,4
126,High,2
127,Medium,3
127,Low,2
127,High,1
128,Medium,3
128,Low,2
128,High,1
129,Medium,3
129,Low,2
129,High,1
130,Medium,6
130,Low,4
130,High,2
131,Medium,3
131,Low,2
131,High,1
132,Medium,3
132,Low,2
132,High,1
133,Medium,3
133,Low,2
133,High,1
134,Medium,3
134,Low,2
134,High,1
135,Medium,3
135,Low,2
135,High,1
136,Medium,3
136,Low,2
136,High,1
137,Medium,3
137,Low,2
137,High,1
138,Medium,3
138,Low,2
138,High,1
139,Medium,6
139,Low,4
139,High,2
140,Medium,15
140,Low,10
140,High,5
141,Medium,3
141,Low,2
141,High,1
142,Medium,3
142,Low,2
142,High,1
143,Medium,3
143,Low,2
143,High,1
144,Medium,6
144,Low,4
144,High,2
145,Medium,3
145,Low,2
145,High,1
146,Medium,3
146,Low,2
146,High,1
147,Medium,3
147,Low,2
147,High,1
148,Medium,3
148,Low,2
148,High,1
149,Medium,3
149,Low,2
149,High,1
150,Low,3
150,Medium,2
150,High,1
151,Medium,3
151,Low,3
151,High,2
152,Medium,3
152,Low,3
152,High,2
153,Medium,3
153,Low,3
153,High,2
154,Medium,3
154,Low,3
154,High,2
155,Medium,3
155,Low,3
155,High,2
156,Low,3
156,Medium,3
156,High,2
157,Medium,3
157,Low,3
157,High,2
158,Medium,4
158,Low,2
158,High,2
159,Medium,17
159,Low,13
159,High,10
160,Low,3
160,Medium,3
160,High,2
161,Low,12
162,Low,6
163,High,60
163,Medium,10
163,Low,10
164,High,6
164,Low,1
164,Medium,1
165,High,20
165,Low,8
165,Medium,4
166,High,6
166,Medium,1
166,Low,1
167,High,12
167,Low,2
167,Medium,2
168,High,6
168,Low,1
168,Medium,1
169,High,42
169,Medium,7
169,Low,7
170,High,6
170,Low,1
170,Medium,1
171,High,6
171,Low,1
171,Medium,1
172,High,6
172,Medium,1
172,Low,1
173,High,5
173,Low,2
173,Medium,1
174,High,6
174,Medium,1
174,Low,1
175,High,25
175,Medium,5
176,High,5
176,Medium,1
177,High,10
177,Medium,2
178,High,5
178,Medium,1
179,High,5
179,Medium,1
180,High,15
180,Medium,3
181,High,5
181,Medium,1
182,High,5
182,Medium,1
183,High,5
183,Medium,1
184,High,5
184,Medium,1
185,High,5
185,Medium,1
186,High,5
186,Medium,1
187,High,5
187,Medium,1
188,High,5
188,Medium,1
189,High,5
189,Medium,1
190,High,5
190,Medium,1
191,High,5
191,Medium,1
192,High,5
192,Medium,1
193,High,5
193,Medium,1
194,High,5
194,Medium,1
195,High,5
195,Medium,1
196,High,5
196,Medium,1
197,High,5
197,Medium,1
198,High,5
198,Medium,1
199,High,5
199,Medium,1
200,Low,4
200,Medium,3
200,High,2
201,Low,4
201,Medium,3
201,High,2
202,Low,4
202,Medium,3
202,High,2
203,Low,5
203,Medium,2
203,High,2
204,Low,20
204,High,8
204,Medium,8
205,Low,5
205,Medium,2
205,High,2
206,Low,4
206,Medium,3
206,High,2
207,Low,21
207,Medium,14
207,High,10
208,Low,8
208,Medium,6
208,High,4
209,Low,4
209,Medium,3
209,High,2
210,Low,5
210,Medium,4
211,Low,15
211,Medium,12
212,Low,4
212,Medium,3
212,High,2
213,Low,10
213,Medium,8
214,Low,5
214,Medium,4
215,Low,5
215,Medium,4
216,Low,5
216,Medium,4
217,Low,5
217,Medium,4
218,Low,5
218,Medium,4
219,Low,5
219,High,2
219,Medium,2
220,Low,7
220,Medium,2
221,Low,5
221,Medium,2
221,High,2
222,Low,5
222,Medium,4
223,Medium,2
223,High,2
223,Low,2
224,Medium,3
224,Low,2
224,High,1
225,Low,2
225,High,2
225,Medium,2
226,High,2
226,Medium,2
226,Low,2
227,Low,2
227,Medium,2
227,High,2
228,Medium,15
228,Low,10
228,High,5
229,Medium,2
229,High,2
229,Low,2
230,Medium,3
230,Low,2
230,High,1
231,Medium,3
231,Low,2
231,High,1
232,Medium,6
232,Low,4
232,High,2
233,Medium,3
233,Low,2
233,High,1
234,Medium,3
234,Low,2
234,High,1
235,Low,3
235,Medium,2
235,High,1
236,Low,3
236,Medium,2
236,High,1
237,Low,34
237,Medium,21
237,High,11
238,Low,6
238,Medium,4
238,High,2
239,Medium,3
239,Low,2
239,High,1
240,Low,3
240,Medium,2
240,High,1
241,High,4
241,Medium,2
242,High,12
242,Medium,3
242,Low,3
243,High,4
243,Medium,1
243,Low,1
244,High,4
244,Medium,2
245,High,4
245,Medium,2
246,High,4
246,Medium,2
247,High,4
247,Medium,2
248,High,4
248,Medium,2
249,High,4
249,Medium,2
250,High,8
250,Medium,4
251,High,4
251,Medium,2
252,High,4
252,Medium,2
253,High,12
253,Medium,6
254,High,4
254,Medium,2
255,High,4
255,Medium,2
256,High,4
256,Medium,2
257,High,4
257,Medium,2
258,High,4
258,Medium,2
259,High,4
259,Medium,2
260,High,4
260,Medium,2
261,High,8
261,Low,2
261,Medium,2
262,High,4
262,Medium,2
263,High,4
263,Medium,2
264,High,4
264,Medium,2
265,High,4
265,Medium,2
266,High,4
266,Medium,2
267,High,4
267,Medium,2
268,Low,4
268,High,1
268,Medium,1
269,Low,8
269,High,2
269,Medium,2
270,Low,4
270,Medium,1
270,High,1
271,Low,4
271,High,1
271,Medium,1
272,Low,4
272,High,1
272,Medium,1
273,Low,4
273,Medium,1
273,High,1
274,High,4
274,Low,1
274,Medium,1
275,Low,4
275,Medium,1
275,High,1
276,Low,4
276,Medium,1
276,High,1
277,Low,4
277,High,1
277,Medium,1
278,Low,4
278,Medium,1
278,High,1
279,High,4
279,Low,1
279,Medium,1
280,High,4
280,Low,1
280,Medium,1
281,High,4
281,Low,1
281,Medium,1
282,High,15
282,Low,5
282,Medium,4
283,High,4
283,Low,1
283,Medium,1
284,High,4
284,Low,1
284,Medium,1
285,High,4
285,Low,1
285,Medium,1
286,Low,3
286,Medium,2
286,High,1
287,Low,43
287,Medium,15
287,High,8
288,Low,3
288,Medium,2
288,High,1
289,Low,15
289,Medium,10
289,High,5
290,Low,3
290,Medium,2
290,High,1
291,Low,3
291,Medium,2
291,High,1
292,Low,8
292,Medium,2
292,High,2
293,Low,20
293,Medium,5
293,High,5
294,Low,4
294,Medium,1
294,High,1
295,Low,4
295,Medium,1
295,High,1
296,Low,4
296,Medium,1
296,High,1
297,Low,4
297,Medium,1
297,High,1
298,Low,8
298,Medium,2
298,High,2
299,Low,8
299,High,2
299,Medium,2
300,Low,4
300,High,1
300,Medium,1
301,Medium,48
301,High,30
301,Low,1
302,Medium,4
302,High,2
303,High,6
303,Medium,6
304,High,3
304,Medium,3
305,Medium,4
305,High,2
306,Medium,3
306,High,3
307,High,3
307,Medium,3
308,High,3
308,Medium,3
309,Medium,3
309,High,3
310,Medium,3
310,High,3
311,Medium,3
311,High,3
312,Medium,4
312,High,2
313,Medium,4
313,High,2
314,Medium,3
314,High,3
315,Medium,4
315,High,2
316,Medium,4
316,High,2
317,High,3
317,Medium,3
318,Medium,3
318,High,3
319,Medium,3
319,High,3
320,Medium,3
320,High,3
321,Medium,4
321,High,2
322,High,5
322,Medium,1
323,High,5
323,Medium,1
324,High,5
324,Medium,1
325,High,4
325,Low,1
325,Medium,1
326,High,10
326,Medium,2
327,High,5
327,Medium,1
328,High,5
328,Medium,1
329,High,5
329,Medium,1
330,High,5
330,Medium,1
331,High,4
331,Medium,2
332,High,4
332,Medium,2
333,High,4
333,Medium,2
334,High,4
334,Medium,2
335,High,8
335,Medium,4
336,High,5
336,Medium,1
337,High,4
337,Medium,2
338,High,4
338,Medium,2
339,High,5
339,Medium,1
340,High,10
340,Medium,2
341,High,5
341,Medium,1
342,High,5
342,Medium,1
343,High,5
343,Medium,1
344,High,4
344,Medium,2
345,High,4
345,Medium,2
346,High,5
346,Medium,1
347,High,4
347,Medium,2
348,High,4
348,Medium,2
349,High,8
349,Medium,4
350,High,4
350,Medium,2
351,High,4
351,Low,2
352,High,4
352,Low,2
353,High,4
353,Low,2
354,High,4
354,Low,2
355,High,4
355,Low,2
356,High,4
356,Low,2
357,High,4
357,Low,2
358,High,24
358,Low,12
359,High,4
359,Low,2
360,High,4
360,Low,2
361,High,4
361,Low,2
362,High,4
362,Low,2
363,High,4
363,Low,2
364,High,4
364,Low,2
365,High,4
365,Low,2
366,Low,6
367,High,8
367,Low,4
368,High,8
368,Low,4
369,High,4
369,Low,2
370,High,4
370,Low,2
371,High,4
371,Low,2
372,High,16
372,Low,8
373,High,4
373,Low,2
374,Low,9
374,Medium,2
374,High,1
375,Low,9
375,Medium,2
375,High,1
376,Low,9
376,Medium,2
376,High,1
377,Low,9
377,Medium,2
377,High,1
378,Low,9
378,Medium,2
378,High,1
379,Low,9
379,Medium,2
379,High,1
380,Low,9
380,Medium,2
380,High,1
381,Low,9
381,Medium,2
381,High,1
382,Low,45
382,Medium,10
382,High,5
383,Low,9
383,Medium,2
383,High,1
384,Low,9
384,Medium,2
384,High,1
385,Low,9
385,Medium,2
385,High,1
386,Low,9
386,Medium,2
386,High,1
387,Low,9
387,Medium,2
387,High,1
388,Low,9
388,Medium,2
388,High,1
389,Low,8
389,Medium,3
389,High,1
390,Low,16
390,Medium,6
390,High,2
391,Low,9
391,Medium,2
391,High,1
392,Low,9
392,Medium,2
392,High,1
393,Low,9
393,Medium,2
393,High,1
394,Low,10
394,Medium,1
394,High,1
395,Low,9
395,Medium,2
395,High,1
396,Low,9
396,Medium,2
396,High,1
397,Low,9
397,Medium,2
397,High,1
398,Low,9
398,Medium,2
398,High,1
399,Low,9
399,Medium,2
399,High,1
400,Low,9
400,Medium,2
400,High,1
401,Low,10
401,High,1
401,Medium,1
402,Low,9
402,Medium,2
402,High,1
403,Medium,4
403,High,1
404,Medium,4
404,High,1
405,Medium,4
405,High,1
406,Medium,12
406,High,3
407,Medium,12
407,High,3
408,Medium,4
408,High,1
409,Medium,62
409,Low,31
409,High,15
410,Medium,4
410,High,1
411,Medium,4
411,High,1
412,Medium,4
412,High,1
413,Medium,4
413,High,1
414,Medium,8
414,High,2
415,Medium,4
415,High,1
416,Medium,8
416,High,2
417,Medium,4
417,High,1
418,Medium,4
418,High,1
419,Medium,4
419,High,1
420,Medium,4
420,High,1
421,Medium,4
421,High,1
422,Medium,4
422,High,1
423,Medium,4
423,High,1
424,Medium,4
424,High,1
425,Medium,8
425,High,2
426,Medium,36
426,High,9
427,Medium,4
427,High,1
428,Medium,8
428,High,2
429,Medium,4
429,High,1
430,Medium,8
430,High,2
431,Medium,4
431,High,1
432,Medium,4
432,High,1
433,Medium,4
433,High,1
434,Medium,8
434,High,2
435,Medium,4
435,High,1
436,Medium,4
436,High,1
437,Medium,4
437,High,1
438,Medium,4
438,High,1
439,Medium,4
439,High,1
440,Medium,4
440,High,1
441,Medium,8
441,High,2
442,Medium,4
442,High,1
443,Medium,8
443,High,2
444,Medium,8
444,High,2
445,Low,2
445,Medium,2
445,High,1
446,Medium,4
446,High,1
447,Medium,4
447,High,1
448,Medium,4
448,High,1
449,Medium,5
449,Low,3
449,High,2
450,Medium,4
450,High,1
451,Medium,4
451,High,1
452,Medium,4
452,High,1
453,Medium,4
453,High,1
454,Medium,20
454,High,5
455,Medium,4
455,High,1
456,Medium,4
456,High,1
457,Medium,4
457,High,1
458,Medium,4
458,High,1
459,Medium,4
459,High,1
460,Low,32
460,Medium,4
460,High,4
461,Low,12
461,High,4
461,Medium,4
462,Medium,2
462,Low,2
462,High,1
463,Low,4
463,Medium,1
464,Low,4
464,High,1
465,Low,4
465,High,1
466,Low,4
466,Medium,1
467,Low,2
467,Medium,2
467,High,1
468,Low,4
468,High,1
469,Low,4
469,High,1
470,Low,4
470,Medium,1
471,Low,4
471,High,1
472,Low,5
472,Medium,3
472,High,2
473,Low,19
473,Medium,7
473,High,1
474,Low,4
474,High,1
475,Medium,2
475,Low,2
475,High,1
476,Low,4
476,Medium,1
477,Low,4
477,Medium,1
478,Low,84
478,Medium,48
479,Low,8
479,Medium,3
480,Medium,10
480,Low,1
481,Low,7
481,Medium,4
482,Low,7
482,Medium,4
483,Medium,50
483,Low,5
484,Medium,9
484,Low,1
484,High,1
485,Low,8
485,Medium,3
486,Medium,10
486,Low,1
487,Medium,7
488,Medium,35
489,Medium,40
489,Low,16
490,Medium,90
490,Low,8
491,Medium,6
491,Low,1
492,Medium,46
492,Low,24
493,Medium,7
494,Medium,7
495,Medium,7
496,Medium,14
497,Medium,7
498,Low,8
498,Medium,4
499,Low,8
499,Medium,4
500,Low,16
500,Medium,8
501,Low,8
501,Medium,4
502,Low,16
502,Medium,8
503,Low,64
503,Medium,32
504,Low,32
504,Medium,16
505,Low,8
505,Medium,4
506,Low,8
506,Medium,4
507,Low,8
507,Medium,4
508,Low,8
508,Medium,4
509,Low,8
509,Medium,4
510,Low,8
510,Medium,4
511,Low,4
511,Medium,2
512,Low,36
512,Medium,18
513,Low,4
513,Medium,2
514,Low,8
514,Medium,4
515,Low,4
515,Medium,2
516,Low,4
516,Medium,2
517,Low,12
517,Medium,6
518,Low,4
518,Medium,2
519,Low,4
519,Medium,2
520,Low,4
520,Medium,2
521,Low,4
521,Medium,2
522,Low,4
522,Medium,2
523,Low,4
523,Medium,2
524,Low,4
524,Medium,2
525,Low,4
525,Medium,2
526,Low,4
526,Medium,2
527,Low,4
527,Medium,2
528,Low,4
528,Medium,2
529,Medium,55
529,Low,5
530,Medium,11
530,Low,1
531,Medium,11
531,Low,1
532,Low,9
532,Medium,3
533,Low,9
533,Medium,3
534,Low,8
534,Medium,4
535,Low,8
535,Medium,4
536,Low,16
536,Medium,8
537,Medium,11
537,Low,1
538,Low,8
538,Medium,4
539,Medium,11
539,Low,1
540,Low,8
540,Medium,4
541,Low,8
541,Medium,4
542,Low,8
542,Medium,4
543,Low,8
543,Medium,4
544,Low,8
544,Medium,4
545,Medium,49
545,Low,16
546,Medium,11
546,Low,2
547,Medium,72
547,Low,33
548,Medium,10
548,Low,3
549,Medium,10
549,Low,3
550,Medium,10
550,Low,3
551,Medium,9
551,Low,4
552,Medium,18
552,Low,8
553,Medium,10
553,Low,3
554,Medium,9
554,Low,4
555,Low,6
555,High,6
555,Medium,1
556,Medium,10
556,Low,3
557,Medium,10
557,Low,3
558,Medium,20
558,Low,6
559,Medium,9
559,Low,4
560,High,6
560,Low,6
560,Medium,1
561,High,18
561,Low,18
561,Medium,6
562,High,3
562,Low,3
562,Medium,1
563,Low,3
563,Medium,2
563,High,2
564,High,6
564,Low,6
564,Medium,2
565,High,3
565,Low,3
565,Medium,1
566,High,3
566,Low,3
566,Medium,1
567,High,3
567,Low,3
567,Medium,1
568,Low,3
568,Medium,2
568,High,2
569,High,6
569,Low,6
569,Medium,2
570,Low,18
570,High,18
570,Medium,6
571,Low,3
571,High,3
571,Medium,1
572,High,3
572,Low,3
572,Medium,1
573,High,3
573,Low,3
573,Medium,1
574,High,3
574,Low,3
574,Medium,1
575,Low,3
575,Medium,2
575,High,2
576,High,3
576,Low,3
576,Medium,1
577,Low,3
577,Medium,2
577,High,2
578,Low,3
578,High,2
578,Medium,2
579,Low,3
579,Medium,2
579,High,2
580,Low,12
580,Medium,8
580,High,8
581,Low,3
581,Medium,2
581,High,2
582,Low,3
582,High,2
582,Medium,2
583,Low,6
583,High,4
583,Medium,4
584,Low,9
584,Medium,6
584,High,6
585,Low,3
585,High,2
585,Medium,2
586,Low,15
586,High,10
586,Medium,10
587,Low,3
587,High,2
587,Medium,2
588,Low,3
588,High,2
588,Medium,2
589,Low,6
589,High,4
589,Medium,4
590,Low,3
590,Medium,2
590,High,2
591,Low,3
591,High,2
591,Medium,2
592,Low,3
592,High,2
592,Medium,2
593,Low,3
593,High,2
593,Medium,2
594,Low,3
594,High,2
594,Medium,2
595,Low,6
595,High,5
595,Medium,2
596,Low,6
596,High,4
596,Medium,3
597,Medium,72
597,Low,45
598,Low,6
598,High,5
598,Medium,2
599,Low,18
599,High,15
599,Medium,6
600,Low,6
600,Medium,4
600,High,3
601,Low,12
601,Medium,9
601,High,5
602,Medium,8
602,Low,5
603,Low,6
603,High,5
603,Medium,2
604,Low,12
604,High,10
604,Medium,4
605,Low,6
605,High,5
605,Medium,2
606,Medium,8
606,Low,5
607,Low,6
607,Medium,5
607,High,2
608,Low,6
608,Medium,4
608,High,3
609,Low,6
609,Medium,4
609,High,3
610,Low,6
610,High,4
610,Medium,3
611,Medium,8
611,Low,5
612,Low,4
612,Medium,3
613,Low,4
613,Medium,3
614,Low,4
614,Medium,3
615,Medium,4
615,Low,3
616,Low,4
616,Medium,3
617,Medium,20
617,Low,15
618,Medium,4
618,Low,3
619,Low,4
619,Medium,3
620,Medium,4
620,Low,3
621,Medium,4
621,Low,3
622,Medium,4
622,Low,3
623,Medium,4
623,Low,3
624,Medium,4
624,Low,3
625,Low,4
625,Medium,3
626,Low,9
626,Medium,3
626,High,1
627,Medium,7
627,High,6
628,Low,8
628,Medium,4
628,High,1
629,Low,8
629,Medium,4
629,High,1
630,Medium,14
630,High,12
631,Medium,7
631,High,6
632,Low,18
632,Medium,6
632,High,2
633,High,18
633,Medium,18
633,Low,3
634,High,6
634,Medium,6
634,Low,1
635,Medium,7
635,High,6
636,Low,8
636,Medium,4
636,High,1
637,Low,26
637,Medium,10
637,High,3
638,High,30
638,Medium,24
638,Low,9
639,High,8
639,Medium,4
639,Low,2
640,High,8
640,Medium,4
640,Low,2
641,High,4
641,Medium,2
641,Low,1
642,High,6
642,Medium,5
642,Low,3
643,High,3
643,Medium,2
643,Low,2
644,High,9
644,Medium,8
644,Low,4
645,High,3
645,Low,2
645,Medium,2
646,High,4
646,Medium,2
646,Low,1
647,High,12
647,Medium,6
647,Low,3
648,High,4
648,Medium,2
648,Low,1
649,High,4
649,Medium,2
649,Low,1
650,High,4
650,Medium,2
650,Low,1
651,High,3
651,Medium,3
651,Low,1
652,High,3
652,Low,2
652,Medium,2
653,High,4
653,Medium,2
653,Low,1
654,High,4
654,Medium,2
654,Low,1
655,High,4
655,Medium,2
655,Low,1
656,High,15
656,Medium,10
656,Low,10
657,High,27
657,Medium,23
657,Low,20
658,High,3
658,Medium,2
658,Low,2
659,High,3
659,Low,2
659,Medium,2
660,High,3
660,Low,2
660,Medium,2
661,High,3
661,Low,2
661,Medium,2
662,High,3
662,Low,2
662,Medium,2
663,High,3
663,Medium,2
663,Low,2
664,High,3
664,Medium,2
664,Low,2
665,Medium,6
665,High,4
665,Low,4
666,Medium,3
666,Low,2
666,High,2
667,Medium,9
667,Low,6
667,High,6
668,High,3
668,Medium,2
668,Low,2
669,Medium,3
669,High,2
669,Low,2
670,High,3
670,Low,2
670,Medium,2
671,Medium,3
671,High,2
671,Low,2
672,High,6
672,Low,6
672,Medium,4
673,Low,3
673,Medium,2
673,High,1
674,High,3
674,Low,3
674,Medium,2
675,Low,5
675,Medium,2
675,High,1
676,High,15
676,Medium,13
676,Low,12
677,High,3
677,Low,3
677,Medium,2
678,Low,3
678,High,3
678,Medium,2
679,High,3
679,Low,3
679,Medium,2
680,High,3
680,Low,3
680,Medium,2
681,Low,6
681,High,6
681,Medium,4
682,High,3
682,Low,3
682,Medium,2
683,High,3
683,Low,3
683,Medium,2
684,High,3
684,Low,3
684,Medium,2
685,Low,3
685,High,3
685,Medium,2
686,Low,5
686,Medium,2
686,High,1
687,High,3
687,Medium,3
687,Low,2
688,Medium,3
688,High,3
688,Low,2
689,Low,11
689,High,7
689,Medium,6
690,High,3
690,Low,3
690,Medium,2
691,High,3
691,Medium,3
691,Low,2
692,Low,40
692,Medium,16
692,High,16
693,Low,20
693,Medium,8
693,High,8
694,Low,5
694,Medium,2
694,High,2
695,Low,10
695,High,4
695,Medium,4
696,High,6
696,Medium,2
696,Low,1
697,High,6
697,Medium,2
697,Low,1
698,High,6
698,Medium,2
698,Low,1
699,Low,5
699,High,2
699,Medium,2
700,Low,5
700,Medium,2
700,High,2
701,High,6
701,Medium,2
701,Low,1
702,High,6
702,Medium,2
702,Low,1
703,Low,5
703,High,2
703,Medium,2
704,Low,5
704,Medium,2
704,High,2
705,High,6
705,Medium,2
705,Low,1
706,High,6
706,Medium,2
706,Low,1
707,High,6
707,Medium,2
707,Low,1
708,Low,5
708,High,2
708,Medium,2
709,Low,5
709,Medium,2
709,High,2
710,Medium,63
710,High,45
710,Low,9
711,Medium,7
711,High,5
711,Low,1
712,Medium,28
712,High,20
712,Low,4
713,Medium,7
713,High,5
713,Low,1
714,Medium,7
714,High,5
714,Low,1
715,Medium,7
715,High,5
715,Low,1
716,Medium,7
716,High,5
716,Low,1
717,Medium,12
717,High,8
717,Low,6
718,Medium,6
718,High,4
718,Low,3
719,Medium,7
719,High,5
719,Low,1
720,Medium,6
720,High,4
720,Low,3
721,Medium,7
721,High,5
721,Low,1
722,Medium,7
722,High,5
722,Low,1
723,Medium,7
723,High,5
723,Low,1
724,Medium,12
724,High,9
724,Low,1
725,High,4
725,Medium,2
725,Low,1
726,High,4
726,Medium,2
726,Low,1
727,High,11
727,Medium,2
727,Low,1
728,High,6
728,Medium,1
729,High,4
729,Low,2
729,Medium,1
730,High,8
730,Medium,4
730,Low,2
731,High,12
731,Medium,2
732,High,4
732,Medium,2
732,Low,1
733,High,8
733,Medium,4
733,Low,2
734,High,12
734,Medium,6
734,Low,3
735,High,4
735,Medium,2
735,Low,1
736,High,6
736,Medium,1
737,High,4
737,Medium,2
737,Low,1
738,High,6
738,Medium,1
739,High,4
739,Medium,2
739,Low,1
740,High,6
740,Medium,1
741,High,6
741,Medium,1
742,High,6
742,Medium,1
743,High,24
743,Medium,4
744,High,6
744,Medium,1
745,High,6
745,Medium,1
746,High,6
746,Medium,1
747,High,4
747,Medium,2
747,Low,1
748,High,24
748,Low,4
748,Medium,4
749,High,6
749,Medium,1
749,Low,1
750,High,42
750,Medium,21
750,Low,3
751,High,6
751,Low,1
751,Medium,1
752,High,6
752,Medium,1
752,Low,1
753,High,6
753,Low,1
753,Medium,1
754,High,6
754,Medium,1
754,Low,1
755,High,18
755,Medium,3
755,Low,3
756,High,12
756,Medium,2
756,Low,2
757,High,6
757,Medium,1
757,Low,1
758,High,6
758,Low,1
758,Medium,1
759,High,6
759,Medium,1
759,Low,1
760,High,6
760,Low,1
760,Medium,1
761,High,6
761,Medium,1
761,Low,1
762,High,24
762,Medium,4
762,Low,4
763,High,6
763,Low,1
763,Medium,1
764,High,6
764,Low,1
764,Medium,1
765,High,6
765,Low,1
765,Medium,1
766,High,5
766,Medium,2
766,Low,1
767,High,5
767,Medium,2
767,Low,1
768,High,10
768,Medium,4
768,Low,2
769,Low,3
769,High,2
769,Medium,2
770,Low,3
770,High,2
770,Medium,2
771,Low,6
771,High,4
771,Medium,4
772,Low,9
772,High,6
772,Medium,6
773,Low,21
773,High,14
773,Medium,14
774,Low,5
774,High,2
775,Low,5
775,High,2
776,Low,5
776,High,2
777,Low,5
777,High,2
778,Low,5
778,High,2
779,Low,5
779,High,2
780,Low,10
780,High,4
781,Low,30
781,High,12
782,Low,5
782,High,2
783,Low,5
783,High,2
784,Low,5
784,High,2
785,Low,3
785,High,2
785,Medium,2
786,Medium,4
786,Low,3
786,High,2
787,Medium,5
787,High,3
787,Low,1
788,Medium,5
788,High,4
789,Medium,10
789,High,8
790,Medium,6
790,High,3
791,Medium,6
791,High,3
792,Medium,5
792,High,4
793,Medium,5
793,High,3
793,Low,1
794,Medium,6
794,High,3
795,Medium,4
795,Low,3
795,High,2
796,Medium,10
796,High,8
797,Medium,5
797,High,4
798,Medium,5
798,High,4
799,Medium,5
799,High,4
800,Medium,5
800,High,4
801,Medium,5
801,High,4
802,Medium,5
802,High,4
803,Medium,5
803,High,4
804,High,73
804,Medium,42
804,Low,4
805,High,5
806,High,40
806,Medium,32
807,High,5
808,High,20
809,High,5
810,High,5
811,High,15
812,High,5
813,High,5
814,High,5
815,High,5
816,High,5
817,High,5
818,High,5
819,High,10
820,High,5
821,High,5
822,High,5
823,High,5
824,High,5
825,High,4
825,Medium,3
826,High,4
826,Medium,3
827,High,4
827,Medium,3
828,High,4
828,Medium,3
829,High,4
829,Medium,3
830,High,4
830,Medium,3
831,High,4
831,Medium,3
832,Medium,3
832,Low,3
832,High,1
833,Low,3
833,Medium,3
833,High,1
834,Medium,6
834,Low,6
834,High,2
835,Low,3
835,Medium,3
835,High,1
836,High,4
836,Medium,3
837,High,4
837,Medium,3
838,High,48
838,Medium,36
839,High,4
839,Medium,3
840,High,4
840,Medium,3
841,High,20
841,Low,12
841,Medium,4
842,High,5
842,Medium,4
843,High,5
843,Medium,4
844,High,5
844,Medium,4
845,High,5
845,Medium,4
846,High,5
846,Medium,4
847,High,5
847,Medium,4
848,High,5
848,Medium,4
849,High,5
849,Medium,3
849,Low,1
850,High,5
850,Medium,3
850,Low,1
851,High,5
851,Low,3
851,Medium,1
852,High,5
852,Low,3
852,Medium,1
853,High,5
853,Low,3
853,Medium,1
854,High,5
854,Medium,3
854,Low,1
855,High,5
855,Medium,4
856,High,5
856,Low,3
856,Medium,1
857,High,5
857,Low,3
857,Medium,1
858,High,5
858,Low,3
858,Medium,1
859,High,5
859,Low,3
859,Medium,1
860,High,5
860,Medium,2
861,High,5
861,Medium,2
862,High,5
862,Medium,2
863,High,5
863,Medium,2
864,High,5
864,Medium,2
865,High,10
865,Medium,4
866,High,5
866,Medium,2
867,High,5
867,Medium,2
868,High,5
868,Medium,2
869,High,5
869,Medium,2
870,High,25
870,Medium,10
871,High,10
871,Medium,4
872,High,5
872,Medium,2
873,High,5
873,Medium,2
874,High,5
874,Medium,2
875,High,5
875,Medium,2
876,High,5
876,Medium,2
877,High,5
877,Medium,2
878,High,15
878,Medium,6
879,High,5
879,Medium,2
880,High,35
880,Medium,14
881,Medium,27
881,High,23
882,Medium,6
882,High,4
883,Medium,6
883,High,4
884,Medium,5
884,High,5
885,High,5
885,Medium,5
886,Medium,5
886,High,5
887,High,5
887,Medium,5
888,Medium,6
888,High,4
889,Medium,6
889,High,4
890,High,27
890,Medium,23
891,Medium,6
891,High,4
892,High,38
892,Medium,12
893,Medium,5
893,High,5
894,High,5
894,Medium,5
895,Medium,6
895,High,4
896,Medium,6
896,High,4
897,High,8
897,Medium,2
898,High,8
898,Medium,2
899,High,7
899,Medium,3
900,High,30
900,Medium,30
901,Medium,6
901,High,4
902,Medium,5
902,High,5
903,Medium,10
903,High,10
904,High,5
904,Medium,5
905,Medium,5
905,High,5
906,Medium,5
906,High,5
907,Medium,12
907,High,8
908,Medium,6
908,High,4
909,Medium,6
909,High,4
910,Medium,6
910,High,4
911,Medium,6
911,High,4
912,High,10
912,Medium,10
913,High,5
913,Medium,5
914,High,3
914,Medium,3
915,High,3
915,Medium,3
916,Medium,6
916,High,5
916,Low,4
917,High,3
917,Medium,3
918,High,3
918,Medium,3
919,High,3
919,Medium,3
920,High,3
920,Medium,3
921,Medium,6
921,High,6
922,Medium,3
922,High,3
923,High,3
923,Medium,3
924,Medium,15
924,High,15
925,Medium,3
925,High,3
926,High,3
926,Medium,3
927,High,3
927,Medium,3
928,Medium,3
928,High,3
929,High,3
929,Medium,3
930,High,3
930,Medium,3
931,Medium,3
931,High,3
932,High,3
932,Medium,3
933,High,3
933,Medium,3
934,High,3
934,Medium,3
935,Medium,3
935,High,3
936,Medium,3
936,High,3
937,Medium,3
937,High,3
938,High,3
938,Medium,3
939,Medium,3
939,High,3
940,High,15
940,Medium,12
941,Medium,6
941,High,2
941,Low,1
942,Medium,6
942,High,2
942,Low,1
943,Medium,5
943,Low,2
943,High,2
944,Medium,5
944,High,2
944,Low,2
945,Medium,5
945,High,2
945,Low,2
946,High,5
946,Medium,4
947,High,5
947,Medium,3
947,Low,1
948,High,35
948,Medium,21
948,Low,7
949,High,5
949,Medium,3
949,Low,1
950,High,5
950,Medium,3
950,Low,1
951,High,5
951,Medium,3
951,Low,1
952,High,5
952,Medium,3
952,Low,1
953,Medium,6
953,High,2
953,Low,1
954,Medium,6
954,High,2
954,Low,1
955,Medium,6
955,High,2
955,Low,1
956,Medium,6
956,High,2
956,Low,1
957,Medium,6
957,High,2
957,Low,1
958,Medium,3
958,High,2
958,Low,1
959,Medium,3
959,High,2
959,Low,1
960,Medium,6
960,High,4
960,Low,2
961,Low,4
961,Medium,1
961,High,1
962,Low,4
962,High,1
962,Medium,1
963,Low,4
963,Medium,1
963,High,1
964,Low,4
964,High,2
965,Low,4
965,High,2
966,Low,4
966,High,2
967,Low,4
967,High,2
968,Low,4
968,High,2
969,Low,20
969,High,10
970,Low,4
970,High,2
971,Low,4
971,High,2
972,Low,10
972,High,6
972,Medium,2
973,Low,4
973,High,2
974,Low,3
974,High,2
974,Medium,1
975,Medium,2
975,Low,2
975,High,2
976,High,2
976,Medium,2
976,Low,2
977,Medium,3
977,High,2
977,Low,1
978,Medium,3
978,High,2
978,Low,1
979,Medium,3
979,High,2
979,Low,1
980,Medium,3
980,High,2
980,Low,1
981,Medium,3
981,High,2
981,Low,1
982,Medium,3
982,High,2
982,Low,1
983,Medium,3
983,High,2
983,Low,1
984,Medium,3
984,High,2
984,Low,1
985,Medium,8
985,High,6
985,Low,4
986,Medium,4
986,High,3
986,Low,2
987,Medium,4
987,High,3
987,Low,2
988,Medium,8
988,High,6
988,Low,4
989,Medium,4
989,High,3
989,Low,2
990,Medium,4
990,High,3
990,Low,2
991,Low,36
991,Medium,12
991,High,6
992,Low,6
992,Medium,2
992,High,1
993,Low,6
993,Medium,2
993,High,1
994,Low,6
994,Medium,2
994,High,1
995,Low,6
995,Medium,2
995,High,1
996,Low,6
996,Medium,2
996,High,1
997,Low,6
997,Medium,2
997,High,1
998,Low,6
998,Medium,2
998,High,1
999,Low,6
999,Medium,2
999,High,1
1000,Low,6
1000,Medium,2
1000,High,1
1001,Low,18
1001,Medium,6
1001,High,3
1002,Low,6
1002,Medium,2
1002,High,1
1003,Low,6
1003,Medium,2
1003,High,1
1004,Low,6
1004,Medium,2
1004,High,1
1005,Low,6
1005,Medium,2
1005,High,1
1006,Low,6
1006,Medium,2
1006,High,1
1007,Low,6
1007,Medium,2
1007,High,1
1008,Low,5
1008,Medium,2
1008,High,2
1009,Low,10
1009,High,4
1009,Medium,4
1010,Low,35
1010,High,14
1010,Medium,14
1011,Low,5
1011,High,2
1011,Medium,2
1012,Low,5
1012,Medium,2
1012,High,2
1013,Low,5
1013,High,2
1013,Medium,2
1014,Low,5
1014,High,2
1014,Medium,2
1015,Medium,3
1015,High,3
1016,High,3
1016,Medium,3
1017,Medium,10
1017,High,8
1018,High,9
1018,Medium,9
1019,High,3
1019,Medium,3
1020,Medium,3
1020,High,3
1021,Medium,4
1021,High,2
1022,Medium,3
1022,High,3
1023,Medium,3
1023,High,3
1024,Medium,8
1024,High,4
1025,Medium,4
1025,High,2
1026,Medium,4
1026,High,2
1027,Medium,4
1027,High,2
1028,Medium,16
1028,High,8
1029,Medium,4
1029,High,2
1030,Medium,4
1030,High,2
1031,Medium,4
1031,High,2
1032,Medium,4
1032,High,2
1033,Medium,5
1033,High,5
1033,Low,3
1034,Medium,31
1034,High,16
1034,Low,1
1035,Medium,4
1035,High,2
1036,Medium,4
1036,High,2
1037,Medium,4
1037,High,2
1038,Medium,4
1038,High,2
1039,Medium,4
1039,High,2
1040,Medium,4
1040,High,2
1041,Medium,4
1041,High,2
1042,Medium,4
1042,High,2
1043,Medium,4
1043,High,2
1044,Medium,4
1044,High,2
1045,Low,57
1045,High,51
1045,Medium,34
1046,Low,4
1046,Medium,3
1046,High,2
1047,Medium,4
1047,Low,3
1047,High,2
1048,Low,5
1048,Medium,2
1048,High,2
1049,Low,5
1049,High,2
1049,Medium,2
1050,Medium,5
1050,Low,2
1050,High,2
1051,Medium,10
1051,Low,4
1051,High,4
1052,Medium,12
1052,High,4
1052,Low,2
1053,Medium,6
1053,High,2
1053,Low,1
1054,Medium,6
1054,High,2
1054,Low,1
1055,Medium,6
1055,High,2
1055,Low,1
1056,Medium,6
1056,High,2
1056,Low,1
1057,Medium,6
1057,High,2
1057,Low,1
1058,Medium,6
1058,High,2
1058,Low,1
1059,Medium,6
1059,High,2
1059,Low,1
1060,Medium,7
1060,High,2
1061,Medium,7
1061,High,2
1062,Medium,7
1062,High,2
1063,Medium,6
1063,High,3
1064,Medium,6
1064,High,2
1064,Low,1
1065,Medium,4
1065,Low,3
1065,High,2
1066,Medium,4
1066,Low,3
1066,High,2
1067,Low,4
1067,Medium,3
1067,High,2
1068,Low,4
1068,Medium,3
1068,High,2
1069,Low,8
1069,Medium,6
1069,High,4
1070,Low,4
1070,Medium,3
1070,High,2
1071,Low,4
1071,Medium,3
1071,High,2
1072,Medium,4
1072,Low,3
1072,High,2
1073,Low,6
1073,Medium,3
1073,High,1
1074,Low,7
1074,Medium,2
1074,High,1
1075,Low,5
1075,Medium,3
1075,High,2
1076,Low,5
1076,Medium,3
1076,High,2
1077,Medium,4
1077,Low,4
1077,High,2
1078,Low,4
1078,Medium,4
1078,High,2
1079,Low,6
1079,Medium,3
1079,High,1
1080,Low,6
1080,Medium,3
1080,High,1
1081,Low,6
1081,Medium,3
1081,High,1
1082,Low,6
1082,Medium,3
1082,High,1
1083,Low,6
1083,Medium,3
1083,High,1
1084,Low,10
1084,Medium,4
1084,High,2
1085,Low,6
1085,Medium,3
1085,High,1
1086,Low,6
1086,Medium,3
1086,High,1
1087,Low,4
1087,Medium,4
1087,High,2
1088,Low,5
1088,Medium,3
1088,High,2
1089,Low,5
1089,Medium,3
1089,High,2
1090,Low,6
1090,Medium,3
1090,High,1
1091,Low,6
1091,Medium,3
1091,High,1
1092,Low,5
1092,Medium,3
1092,High,2
1093,Low,25
1093,Medium,15
1093,High,10
1094,Low,5
1094,Medium,3
1094,High,2
1095,Low,4
1095,Medium,4
1095,High,2
1096,Low,5
1096,Medium,3
1096,High,2
1097,Low,32
1097,Medium,26
1097,High,2
1098,Low,4
1098,Medium,2
1099,Medium,3
1099,Low,3
1100,Low,22
1100,Medium,8
1100,High,8
1101,Low,4
1101,Medium,2
1102,Low,4
1102,Medium,2
1103,Low,20
1103,Medium,10
1103,High,2
1104,Low,4
1104,Medium,2
1105,Low,3
1105,Medium,3
1106,Low,3
1106,Medium,2
1106,High,1
1107,Low,4
1107,Medium,2
1108,Low,4
1108,Medium,2
1109,Low,4
1109,Medium,2
1110,Low,4
1110,Medium,2
1111,Low,16
1111,Medium,8
1112,Low,4
1112,Medium,2
1113,Low,4
1113,Medium,2
1114,Low,4
1114,Medium,2
1115,Low,4
1115,Medium,2
1115,High,2
1116,Low,4
1116,Medium,2
1116,High,2
1117,Low,4
1117,High,2
1117,Medium,2
1118,Low,4
1118,Medium,2
1118,High,2
1119,Medium,3
1119,Low,3
1119,High,2
1120,Low,4
1120,High,2
1120,Medium,2
1121,Low,4
1121,High,2
1121,Medium,2
1122,Low,7
1122,Medium,5
1122,High,4
1123,Low,4
1123,High,2
1123,Medium,2
1124,Low,4
1124,Medium,2
1124,High,2
1125,Low,3
1125,Medium,3
1125,High,2
1126,Low,4
1126,Medium,2
1126,High,2
1127,Low,6
1127,Medium,6
1127,High,4
1128,Low,4
1128,Medium,2
1128,High,2
1129,Low,12
1129,High,6
1129,Medium,6
1130,Low,4
1130,High,2
1130,Medium,2
1131,Low,3
1131,Medium,3
1131,High,2
1132,Low,4
1132,Medium,2
1132,High,2
1133,Low,4
1133,High,2
1133,Medium,2
1134,Low,4
1134,Medium,2
1134,High,2
1135,Low,6
1135,Medium,2
1136,Low,3
1136,Medium,3
1136,High,2
1137,Low,6
1137,Medium,2
1138,Medium,5
1138,High,2
1138,Low,1
1139,Low,6
1139,Medium,2
1140,Low,6
1140,Medium,2
1141,Low,6
1141,Medium,2
1142,Low,6
1142,Medium,2
1143,Low,6
1143,Medium,2
1144,High,32
1144,Low,13
1144,Medium,11
1145,High,4
1145,Low,2
1145,Medium,1
1146,High,4
1146,Low,2
1146,Medium,1
1147,High,4
1147,Low,2
1147,Medium,1
1148,Low,3
1148,High,3
1148,Medium,1
1149,Low,3
1149,High,3
1149,Medium,1
1150,High,4
1150,Low,2
1150,Medium,1
1151,Low,3
1151,High,2
1151,Medium,2
1152,Low,18
1152,High,12
1152,Medium,12
1153,Low,3
1153,High,2
1153,Medium,2
1154,Low,3
1154,High,2
1154,Medium,2
1155,Low,3
1155,High,2
1155,Medium,2
1156,High,4
1156,Low,2
1156,Medium,1
1157,Low,3
1157,Medium,3
1157,High,1
1158,Medium,3
1158,Low,3
1158,High,1
1159,Medium,3
1159,Low,3
1159,High,1
1160,Medium,6
1160,Low,6
1160,High,2
1161,Medium,3
1161,Low,3
1161,High,1
1162,Medium,3
1162,Low,3
1162,High,1
1163,Low,3
1163,Medium,3
1163,High,1
1164,Medium,3
1164,Low,3
1164,High,1
1165,Low,3
1165,Medium,3
1165,High,1
1166,Low,4
1166,High,2
1166,Medium,1
1167,Low,4
1167,High,2
1167,Medium,1
1168,Low,4
1168,High,2
1168,Medium,1
1169,High,4
1169,Medium,2
1169,Low,1
1170,Low,8
1170,High,4
1170,Medium,2
1171,Low,4
1171,High,2
1171,Medium,1
1172,Low,8
1172,High,4
1172,Medium,2
1173,High,4
1173,Medium,2
1173,Low,1
1174,Low,4
1174,High,2
1174,Medium,1
1175,High,4
1175,Medium,2
1175,Low,1
1176,High,4
1176,Medium,2
1176,Low,1
1177,Low,4
1177,High,2
1177,Medium,1
1178,High,4
1178,Low,3
1179,Low,4
1179,High,2
1179,Medium,1
1180,Low,4
1180,High,2
1180,Medium,1
1181,Low,4
1181,High,2
1181,Medium,1
1182,High,4
1182,Low,3
1183,High,4
1183,Low,3
1184,High,4
1184,Low,3
1185,High,4
1185,Low,3
1186,High,4
1186,Low,3
1187,High,4
1187,Low,3
1188,High,4
1188,Low,3
1189,High,4
1189,Low,2
1189,Medium,1
1190,High,4
1190,Low,2
1190,Medium,1
1191,High,4
1191,Low,2
1191,Medium,1
1192,High,12
1192,Low,6
1192,Medium,3
1193,High,4
1193,Low,2
1193,Medium,1
1194,High,4
1194,Low,2
1194,Medium,1
1195,High,4
1195,Low,2
1195,Medium,1
1196,High,14
1196,Low,14
1196,Medium,4
1197,High,4
1197,Low,2
1197,Medium,1
1198,High,4
1198,Low,2
1198,Medium,1
1199,Low,6
1199,High,4
1199,Medium,2
1200,High,3
1200,Low,2
1200,Medium,1
1201,High,3
1201,Low,2
1201,Medium,1
1202,High,3
1202,Low,2
1202,Medium,1
1203,High,6
1203,Low,4
1203,Medium,2
1204,High,12
1204,Low,8
1204,Medium,4
1205,High,3
1205,Low,2
1205,Medium,1
1206,High,3
1206,Low,2
1206,Medium,1
1207,Low,16
1207,Medium,4
1207,High,4
1208,Low,12
1208,Medium,3
1208,High,3
1209,High,3
1209,Low,2
1209,Medium,1
1210,Low,4
1210,High,1
1210,Medium,1
1211,Low,4
1211,Medium,1
1211,High,1
1212,Low,4
1212,Medium,1
1212,High,1
1213,High,3
1213,Low,2
1213,Medium,1
1214,High,6
1214,Low,4
1214,Medium,2
1215,High,6
1215,Low,4
1215,Medium,2
1216,High,3
1216,Low,2
1216,Medium,1
1217,Low,5
1217,High,1
1218,High,3
1218,Low,2
1218,Medium,1
1219,High,8
1219,Medium,5
1219,Low,5
1220,High,8
1220,Low,5
1220,Medium,5
1221,Medium,4
1221,Low,3
1221,High,2
1222,Medium,4
1222,Low,3
1222,High,2
1223,Medium,4
1223,Low,3
1223,High,2
1224,Low,4
1224,Medium,3
1224,High,2
1225,Low,4
1225,Medium,3
1225,High,2
1226,Medium,4
1226,Low,3
1226,High,2
1227,Low,15
1227,High,9
1227,Medium,3
1228,Low,5
1228,High,3
1228,Medium,1
1229,Low,5
1229,High,3
1229,Medium,1
1230,Low,5
1230,High,3
1230,Medium,1
1231,Low,5
1231,High,3
1231,Medium,1
1232,Low,5
1232,High,3
1232,Medium,1
1233,Low,5
1233,High,3
1233,Medium,1
1234,Low,5
1234,High,3
1234,Medium,1
1235,Low,5
1235,High,3
1235,Medium,1
1236,High,6
1236,Low,2
1236,Medium,1
1237,High,6
1237,Medium,2
1237,Low,1
1238,Low,5
1238,High,3
1238,Medium,1
1239,Low,5
1239,High,3
1239,Medium,1
1240,Low,5
1240,High,3
1240,Medium,1
1241,Low,5
1241,High,3
1241,Medium,1
1242,Low,5
1242,High,3
1242,Medium,1
1243,Low,5
1243,High,3
1243,Medium,1
1244,Medium,3
1244,High,2
1244,Low,1
1245,Medium,3
1245,High,2
1245,Low,1
1246,High,24
1246,Medium,16
1246,Low,8
1247,High,3
1247,Medium,2
1247,Low,1
1248,Medium,3
1248,High,2
1248,Low,1
1249,High,6
1249,Medium,4
1249,Low,2
1250,Medium,3
1250,High,2
1250,Low,1
1251,High,3
1251,Medium,2
1251,Low,1
1252,Medium,3
1252,High,2
1252,Low,1
1253,Medium,13
1253,High,12
1253,Low,5
1254,High,3
1254,Medium,2
1254,Low,1
1255,High,3
1255,Medium,2
1255,Low,1
1256,High,3
1256,Medium,2
1256,Low,1
1257,Medium,3
1257,High,2
1257,Low,1
1258,High,3
1258,Medium,2
1258,Low,1
1259,High,3
1259,Medium,2
1259,Low,1
1260,Medium,3
1260,High,2
1260,Low,1
1261,High,3
1261,Medium,2
1261,Low,1
1262,Medium,3
1262,High,2
1262,Low,1
1263,High,3
1263,Medium,2
1263,Low,1
1264,High,6
1264,Medium,1
1265,High,6
1265,Medium,1
1266,High,6
1266,Medium,1
1267,High,6
1267,Medium,1
1268,High,6
1268,Medium,1
1269,High,12
1269,Medium,2
1270,High,6
1270,Medium,1
1271,High,6
1271,Medium,1
1272,High,6
1272,Medium,1
1273,High,6
1273,Medium,1
1274,High,6
1274,Medium,1
1275,High,6
1275,Medium,1
1276,High,6
1276,Medium,1
1277,High,6
1277,Medium,1
1278,High,6
1278,Medium,1
1279,High,6
1279,Medium,1
1280,High,5
1280,Medium,2
1281,High,6
1281,Medium,1
1282,High,18
1282,Medium,3
1283,High,6
1283,Medium,1
1284,High,6
1284,Medium,1
1285,High,5
1285,Medium,2
1286,High,5
1286,Medium,2
1287,High,5
1287,Medium,2
1288,High,5
1288,Medium,2
1289,High,15
1289,Medium,6
1290,Medium,3
1290,High,2
1290,Low,1
1291,Medium,3
1291,High,2
1291,Low,1
1292,Medium,3
1292,Low,2
1292,High,1
1293,Medium,15
1293,Low,10
1293,High,5
1294,Medium,3
1294,Low,2
1294,High,1
1295,Medium,18
1295,Low,12
1295,High,6
1296,Medium,6
1296,Low,4
1296,High,2
1297,Medium,3
1297,Low,2
1297,High,1
1298,High,7
1298,Low,6
1298,Medium,5
1299,High,3
1299,Low,2
1299,Medium,1
1300,Medium,3
1300,Low,2
1300,High,1
1301,Medium,6
1301,Low,4
1301,High,2
1302,Medium,3
1302,Low,2
1302,High,1
1303,Medium,2
1303,High,2
1303,Low,2
1304,High,3
1304,Low,2
1304,Medium,1
1305,High,2
1305,Medium,2
1305,Low,2
1306,High,2
1306,Medium,2
1306,Low,2
1307,Low,2
1307,Medium,2
1307,High,2
1308,High,2
1308,Medium,2
1308,Low,2
1309,Low,2
1309,Medium,2
1309,High,2
1310,Medium,3
1310,Low,2
1310,High,1
1311,Low,3
1311,High,3
1311,Medium,1
1312,Low,6
1312,High,6
1312,Medium,2
1313,Low,3
1313,High,3
1313,Medium,1
1314,High,3
1314,Low,3
1314,Medium,1
1315,Low,3
1315,High,3
1315,Medium,1
1316,Low,3
1316,High,3
1316,Medium,1
1317,Low,15
1317,High,15
1317,Medium,5
1318,High,3
1318,Low,3
1318,Medium,1
1319,Low,3
1319,High,3
1319,Medium,1
1320,High,3
1320,Low,3
1320,Medium,1
1321,High,15
1321,Low,15
1321,Medium,5
1322,High,15
1322,Low,15
1322,Medium,5
1323,Low,3
1323,High,3
1323,Medium,1
1324,Low,3
1324,High,3
1324,Medium,1
1325,High,4
1325,Low,3
1326,High,6
1326,Low,6
1326,Medium,2
1327,High,3
1327,Low,3
1327,Medium,1
1328,High,6
1328,Low,6
1328,Medium,2
1329,Medium,13
1329,Low,12
1329,High,3
1330,Medium,5
1330,Low,1
1331,Medium,4
1331,Low,2
1332,Medium,4
1332,Low,2
1333,Medium,9
1333,Low,3
1334,Medium,4
1334,Low,2
1335,Medium,4
1335,Low,2
1336,Medium,4
1336,Low,2
1337,Medium,10
1337,Low,2
1338,Medium,5
1338,Low,1
1339,Medium,5
1339,Low,1
1340,Medium,3
1340,Low,2
1340,High,1
1341,Medium,3
1341,Low,2
1341,High,1
1342,Medium,16
1342,Low,9
1342,High,5
1343,Low,3
1343,Medium,2
1343,High,1
1344,Medium,4
1344,Low,2
1345,Low,3
1345,Medium,2
1346,Medium,10
1346,Low,9
1346,High,1
1347,Low,3
1347,Medium,2
1348,Medium,2
1348,Low,2
1348,High,1
1349,Low,3
1349,Medium,2
1350,Low,3
1350,Medium,2
1351,Low,12
1351,Medium,8
1352,Low,6
1352,Medium,4
1353,Low,3
1353,Medium,2
1354,Low,3
1354,Medium,2
1355,Low,3
1355,Medium,2
1356,Low,3
1356,Medium,2
1357,Low,3
1357,Medium,2
1358,Low,6
1358,Medium,4
1359,Low,3
1359,Medium,2
1360,Low,3
1360,Medium,2
1361,Low,3
1361,Medium,2
1362,Low,3
1362,Medium,2
1363,Low,2
1363,Medium,2
1363,High,1
1364,Medium,2
1364,Low,2
1364,High,1
1365,Medium,4
1365,Low,4
1365,High,2
1366,Low,2
1366,Medium,2
1366,High,1
1367,Low,4
1367,High,1
1367,Medium,1
1368,Low,4
1368,High,1
1368,Medium,1
1369,Low,4
1369,Medium,1
1369,High,1
1370,Low,4
1370,High,1
1370,Medium,1
1371,Low,4
1371,High,1
1371,Medium,1
1372,Low,4
1372,Medium,1
1372,High,1
1373,Low,8
1373,High,2
1373,Medium,2
1374,Low,4
1374,Medium,1
1374,High,1
1375,Low,3
1375,Medium,2
1375,High,1
1376,Low,3
1376,Medium,2
1376,High,1
1377,Low,4
1377,High,1
1377,Medium,1
1378,Low,4
1378,Medium,1
1378,High,1
1379,Low,4
1379,High,1
1379,Medium,1
1380,Low,4
1380,High,1
1380,Medium,1
1381,Low,4
1381,Medium,1
1381,High,1
1382,Low,8
1382,Medium,2
1382,High,2
1383,Low,4
1383,High,1
1383,Medium,1
1384,Low,4
1384,Medium,1
1384,High,1
1385,Low,4
1385,High,1
1385,Medium,1
1386,Low,4
1386,High,1
1386,Medium,1
1387,Low,4
1387,Medium,1
1387,High,1
1388,Low,8
1388,High,2
1388,Medium,2
1389,Low,16
1389,High,4
1389,Medium,4
1390,Low,8
1390,Medium,2
1390,High,2
1391,Low,4
1391,High,1
1391,Medium,1
1392,Low,4
1392,Medium,1
1392,High,1
1393,Medium,4
1393,Low,4
1394,Low,4
1394,Medium,4
1395,Low,22
1395,Medium,22
1395,High,4
1396,Low,4
1396,High,1
1396,Medium,1
1397,Low,4
1397,Medium,1
1397,High,1
1398,Low,4
1398,High,1
1398,Medium,1
1399,Low,8
1399,High,2
1399,Medium,2
1400,Low,4
1400,High,1
1400,Medium,1
1401,Low,4
1401,High,1
1401,Medium,1
1402,Low,4
1402,Medium,1
1402,High,1
1403,Low,4
1403,High,1
1403,Medium,1
1404,Low,4
1404,Medium,1
1404,High,1
1405,Low,5
1405,High,1
1406,Low,9
1406,High,2
1406,Medium,1
1407,Low,4
1407,High,1
1407,Medium,1
1408,Low,4
1408,High,1
1408,Medium,1
1409,Low,4
1409,High,1
1409,Medium,1
1410,Low,4
1410,High,1
1410,Medium,1
1411,Low,4
1411,Medium,1
1411,High,1
1412,Low,12
1412,High,3
1412,Medium,3
1413,Low,4
1413,High,1
1413,Medium,1
1414,Low,12
1414,High,3
1414,Medium,3
1415,Low,8
1415,High,2
1415,Medium,2
1416,High,18
1416,Low,16
1416,Medium,10
1417,Low,4
1417,Medium,1
1417,High,1
1418,Low,4
1418,Medium,1
1418,High,1
1419,Low,6
1419,Medium,2
1420,High,14
1420,Low,10
1420,Medium,4
1421,Low,15
1421,Medium,5
1422,Low,9
1422,Medium,3
1423,High,4
1423,Medium,2
1423,Low,2
1424,High,4
1424,Low,2
1424,Medium,2
1425,Low,22
1425,Medium,10
1425,High,8
1426,High,10
1426,Medium,5
1426,Low,5
1427,High,10
1427,Low,5
1427,Medium,5
1428,High,8
1428,Low,4
1428,Medium,4
1429,Low,18
1429,High,15
1429,Medium,7
1430,High,6
1430,Low,6
1430,Medium,3
1431,Low,2
1431,High,2
1431,Medium,1
1432,Low,26
1432,High,14
1432,Medium,13
1433,Low,4
1433,High,4
1433,Medium,2
1434,Low,2
1434,High,2
1434,Medium,1
1435,Low,2
1435,High,2
1435,Medium,1
1436,Low,12
1436,High,4
1436,Medium,4
1437,Low,2
1437,Medium,2
1437,High,1
1438,Medium,2
1438,Low,2
1438,High,1
1439,Low,2
1439,Medium,2
1439,High,1
1440,Medium,2
1440,Low,2
1440,High,1
1441,Low,3
1441,High,1
1441,Medium,1
1442,Low,3
1442,High,1
1442,Medium,1
1443,Medium,2
1443,Low,2
1443,High,1
1444,Low,2
1444,Medium,2
1444,High,1
1445,Low,9
1446,Low,12
1446,Medium,3
1446,High,3
1447,Low,5
1447,Medium,1
1447,High,1
1448,Low,4
1448,Medium,2
1449,Low,12
1449,High,4
1450,Low,8
1450,Medium,4
1450,High,4
1451,Low,4
1451,High,4
1451,Medium,2
1452,High,2
1452,Low,2
1452,Medium,1
1453,High,2
1453,Low,2
1453,Medium,1
1454,Low,2
1454,High,2
1454,Medium,1
1455,Low,3
1455,High,2
1456,Low,2
1456,High,2
1456,Medium,1
1457,Low,15
1457,High,5
1457,Medium,5
1458,Low,3
1458,High,1
1458,Medium,1
1459,Low,3
1459,Medium,1
1459,High,1
1460,Low,3
1460,High,1
1460,Medium,1
1461,Low,3
1461,High,1
1461,Medium,1
1462,Low,2
1462,High,2
1462,Medium,1
1463,High,4
1463,Low,4
1463,Medium,2
1464,Low,3
1464,Medium,1
1464,High,1
1465,High,2
1465,Low,2
1465,Medium,1
1466,High,8
1466,Low,8
1466,Medium,4
1467,Low,2
1467,High,2
1467,Medium,1
1468,High,4
1468,Low,4
1468,Medium,2
1469,Low,14
1469,High,14
1469,Medium,7
1470,High,2
1470,Low,2
1470,Medium,1
1471,Low,12
1471,High,12
1471,Medium,6
1472,High,2
1472,Low,2
1472,Medium,1
1473,Low,3
1473,Medium,1
1473,High,1
1474,Low,3
1474,Medium,1
1474,High,1
1475,Low,3
1475,Medium,1
1475,High,1
1476,High,2
1476,Low,2
1476,Medium,1
1477,Low,3
1477,Medium,1
1477,High,1
1478,High,2
1478,Low,2
1478,Medium,1
1479,Low,2
1479,High,2
1479,Medium,1
1480,Medium,2
1480,High,2
1480,Low,1
1481,High,4
1481,Medium,4
1481,Low,2
1482,Medium,2
1482,High,2
1482,Low,1
1483,Medium,2
1483,High,2
1483,Low,1
1484,Medium,2
1484,High,2
1484,Low,1
1485,High,4
1485,Medium,4
1485,Low,2
1486,High,2
1486,Medium,2
1486,Low,1
1487,Medium,2
1487,High,2
1487,Low,1
1488,Low,3
1488,High,1
1488,Medium,1
1489,High,2
1489,Medium,2
1489,Low,1
1490,High,2
1490,Medium,2
1490,Low,1
1491,High,2
1491,Medium,2
1491,Low,1
1492,Medium,4
1492,High,4
1492,Low,2
1493,Medium,2
1493,High,2
1493,Low,1
1494,Low,3
1494,Medium,1
1494,High,1
1495,Low,3
1495,Medium,1
1495,High,1
1496,Low,12
1496,High,4
1496,Medium,4
1497,Low,3
1497,High,1
1497,Medium,1
1498,High,2
1498,Medium,2
1498,Low,1
1499,Low,3
1499,Medium,1
1499,High,1
1500,Low,3
1500,High,1
1500,Medium,1
1501,Low,3
1501,High,1
1501,Medium,1
