DBSCAN,"resistance, tonn_fca_bin",count
-1,High,167
-1,Low,156
-1,Medium,39
0,Low,22
0,Medium,11
1,Low,6
1,Medium,3
2,Low,6
2,Medium,3
3,Low,6
3,Medium,3
4,Low,6
4,Medium,3
5,Low,5
5,High,1
6,Low,5
6,High,1
7,Low,5
7,High,1
8,Low,5
8,High,1
9,Low,15
9,High,3
10,Low,5
10,High,1
11,Low,5
11,High,1
12,Low,5
12,High,1
13,Low,5
13,High,1
14,Low,5
14,High,1
15,Low,5
15,High,1
16,Low,5
16,High,1
17,Low,10
17,High,2
18,Low,5
18,High,1
19,Low,15
19,High,3
20,Low,10
20,High,2
21,Low,5
21,High,1
22,Low,5
22,High,1
23,Low,10
23,High,2
24,Low,10
24,High,2
25,Low,5
25,High,1
26,Low,5
26,High,1
27,High,4
27,Low,2
28,High,6
28,Low,4
28,Medium,2
29,High,24
29,Low,12
30,High,3
30,Low,2
30,Medium,1
31,High,3
31,Low,2
31,Medium,1
32,High,4
32,Low,2
33,High,18
33,Low,16
33,Medium,2
34,High,4
34,Low,2
35,High,4
35,Low,2
36,High,3
36,Low,2
36,Medium,1
37,High,4
37,Low,2
38,High,3
38,Low,3
39,High,4
39,Low,2
40,Low,3
40,High,3
41,High,6
41,Low,6
42,Low,3
42,High,3
43,Low,3
43,High,3
44,High,3
44,Low,3
45,Low,3
45,High,3
46,Medium,5
46,Low,1
47,Low,3
47,Medium,2
47,High,1
48,Medium,5
48,Low,1
49,Medium,5
49,Low,1
50,Low,3
50,Medium,2
50,High,1
51,Low,3
51,Medium,2
51,High,1
52,Low,3
52,Medium,2
52,High,1
53,Low,3
53,Medium,2
53,High,1
54,Low,3
54,Medium,2
54,High,1
55,Low,3
55,Medium,2
55,High,1
56,Medium,5
56,Low,1
57,Low,6
57,Medium,4
57,High,2
58,Medium,10
58,Low,2
59,Medium,5
59,Low,1
60,Low,3
60,Medium,2
60,High,1
61,Low,15
61,Medium,10
61,High,5
62,Low,3
62,Medium,2
62,High,1
63,Medium,5
63,Low,1
64,Low,3
64,Medium,2
64,High,1
65,Low,3
65,Medium,2
65,High,1
66,Low,3
66,Medium,2
66,High,1
67,Low,3
67,Medium,2
67,High,1
68,Low,3
68,Medium,2
68,High,1
69,High,8
70,High,8
71,High,8
72,High,8
73,High,8
74,High,8
75,High,8
76,High,8
77,High,16
78,High,7
78,Low,1
79,High,8
80,High,8
81,High,8
82,High,8
83,High,8
84,High,8
85,High,13
85,Low,2
85,Medium,1
86,High,31
86,Low,5
86,Medium,4
87,High,8
88,High,8
89,High,7
89,Low,1
90,High,7
90,Low,1
91,High,7
91,Low,1
92,High,7
92,Low,1
93,High,12
93,Low,2
93,Medium,2
94,Low,30
95,Low,5
95,Medium,1
96,Low,6
97,Low,6
98,Low,5
98,Medium,1
99,Low,6
100,Low,6
101,Low,5
101,Medium,1
102,Low,5
102,Medium,1
103,Low,6
104,Low,5
104,Medium,1
105,Low,5
105,Medium,1
106,Low,6
107,Low,6
107,High,1
108,Low,7
109,Low,7
110,Low,6
110,High,1
111,Low,6
111,High,1
112,Low,6
112,High,1
113,Low,6
113,High,1
114,Low,6
114,High,1
115,Low,6
115,High,1
116,Low,12
116,High,2
117,Low,6
117,High,1
118,Low,7
119,Low,6
119,High,1
120,Low,7
121,Low,14
122,Low,7
123,Low,7
124,Low,7
125,High,3
125,Medium,3
126,High,6
126,Medium,5
126,Low,1
127,High,3
127,Medium,3
128,Medium,3
128,High,2
128,Low,1
129,Medium,3
129,High,3
130,High,6
130,Medium,6
131,High,3
131,Medium,3
132,High,3
132,Medium,3
133,Medium,3
133,High,3
134,High,3
134,Medium,3
135,Medium,3
135,High,2
135,Low,1
136,High,3
136,Medium,3
137,High,3
137,Medium,3
138,High,3
138,Medium,3
139,Medium,6
139,High,6
140,High,15
140,Low,8
140,Medium,7
141,Medium,3
141,High,3
142,High,3
142,Medium,3
143,Medium,3
143,High,3
144,High,6
144,Medium,6
145,High,3
145,Medium,2
145,Low,1
146,High,3
146,Low,2
146,Medium,1
147,High,3
147,Medium,2
147,Low,1
148,High,3
148,Medium,2
148,Low,1
149,High,3
149,Medium,2
149,Low,1
150,Medium,3
150,High,2
150,Low,1
151,Medium,6
151,High,2
152,Medium,6
152,High,2
153,Medium,6
153,High,2
154,Medium,6
154,High,2
155,Medium,6
155,High,2
156,Medium,6
156,High,2
157,Medium,7
157,High,1
158,Low,4
158,Medium,3
158,High,1
159,Medium,31
159,High,5
159,Low,4
160,Medium,7
160,High,1
161,High,12
162,High,6
163,Low,80
164,Low,8
165,Low,32
166,Low,8
167,Low,16
168,Low,8
169,Low,56
170,Low,8
171,Low,8
172,Low,8
173,Low,8
174,Low,8
175,Low,30
176,Low,6
177,Low,12
178,Low,6
179,Low,6
180,Low,18
181,Low,6
182,Low,6
183,Low,6
184,Low,6
185,Low,6
186,Low,6
187,Low,6
188,Low,6
189,Low,6
190,Low,6
191,Low,6
192,Low,6
193,Low,6
194,Low,6
195,Low,6
196,Low,6
197,Low,6
198,Low,6
199,Low,6
200,High,6
200,Medium,3
201,High,6
201,Medium,3
202,High,6
202,Medium,3
203,High,6
203,Medium,2
203,Low,1
204,High,24
204,Medium,12
205,High,6
205,Medium,3
206,High,6
206,Medium,3
207,High,30
207,Medium,14
207,Low,1
208,High,12
208,Medium,6
209,High,6
209,Medium,3
210,High,6
210,Medium,3
211,High,18
211,Medium,9
212,High,6
212,Medium,3
213,High,12
213,Medium,6
214,High,6
214,Medium,3
215,High,6
215,Medium,3
216,High,6
216,Medium,3
217,High,6
217,Medium,3
218,High,6
218,Medium,3
219,High,6
219,Medium,3
220,High,6
220,Medium,3
221,High,6
221,Medium,3
222,High,6
222,Medium,3
223,Medium,5
223,High,1
224,Medium,5
224,High,1
225,Medium,5
225,High,1
226,Medium,5
226,High,1
227,Medium,5
227,High,1
228,Medium,25
228,High,5
229,Medium,5
229,High,1
230,Medium,5
230,High,1
231,Medium,5
231,High,1
232,Medium,10
232,High,2
233,Medium,5
233,High,1
234,Medium,5
234,High,1
235,Medium,4
235,High,2
236,Medium,4
236,High,2
237,Medium,43
237,High,23
238,Medium,8
238,High,4
239,Medium,5
239,High,1
240,Medium,4
240,High,2
241,Low,6
242,Low,18
243,Low,6
244,Low,6
245,Low,6
246,Low,6
247,Low,6
248,Low,6
249,Low,6
250,Low,12
251,Low,6
252,Low,6
253,Low,18
254,Low,6
255,Low,6
256,Low,6
257,Low,6
258,Low,6
259,Low,6
260,Low,6
261,Low,12
262,Low,6
263,Low,6
264,Low,6
265,Low,6
266,Low,6
267,Low,6
268,High,3
268,Medium,3
269,Medium,6
269,High,6
270,High,3
270,Medium,3
271,Medium,3
271,High,3
272,High,3
272,Medium,3
273,Medium,3
273,High,3
274,Low,4
274,High,1
274,Medium,1
275,Medium,3
275,High,3
276,Medium,3
276,High,3
277,Medium,3
277,High,3
278,Medium,3
278,High,3
279,Low,4
279,Medium,1
279,High,1
280,Low,4
280,High,1
280,Medium,1
281,Low,4
281,High,1
281,Medium,1
282,Low,16
282,Medium,4
282,High,4
283,Low,4
283,Medium,1
283,High,1
284,Low,4
284,Medium,1
284,High,1
285,Low,4
285,Medium,1
285,High,1
286,Medium,4
286,High,2
287,Medium,33
287,High,33
288,Medium,3
288,High,3
289,Medium,16
289,High,14
290,Medium,3
290,High,3
291,High,3
291,Medium,3
292,Medium,6
292,High,6
293,High,15
293,Medium,15
294,High,3
294,Medium,3
295,High,3
295,Medium,3
296,Medium,3
296,High,3
297,High,3
297,Medium,3
298,High,6
298,Medium,6
299,High,6
299,Medium,6
300,High,3
300,Medium,3
301,Medium,40
301,Low,39
302,Medium,5
302,Low,1
303,Low,8
303,Medium,4
304,Low,4
304,Medium,2
305,Medium,5
305,Low,1
306,Low,4
306,Medium,2
307,Low,5
307,Medium,1
308,Low,5
308,Medium,1
309,Low,5
309,Medium,1
310,Low,6
311,Low,5
311,Medium,1
312,Medium,5
312,Low,1
313,Medium,5
313,Low,1
314,Low,5
314,Medium,1
315,Medium,5
315,Low,1
316,Medium,5
316,Low,1
317,Low,5
317,Medium,1
318,Low,4
318,Medium,2
319,Low,5
319,Medium,1
320,Low,5
320,Medium,1
321,Medium,3
321,Low,3
322,Low,6
323,Low,6
324,Low,6
325,Low,5
325,High,1
326,Low,12
327,Low,6
328,Low,6
329,Low,6
330,Low,6
331,Low,5
331,Medium,1
332,Low,6
333,Low,6
334,Low,6
335,Low,12
336,Low,6
337,Low,6
338,Low,6
339,Low,6
340,Low,12
341,Low,6
342,Low,6
343,Low,6
344,Low,5
344,Medium,1
345,Low,5
345,Medium,1
346,Low,5
346,Medium,1
347,Low,5
347,Medium,1
348,Low,5
348,Medium,1
349,Low,10
349,Medium,2
350,Low,5
350,Medium,1
351,Low,4
351,Medium,1
351,High,1
352,Low,4
352,Medium,1
352,High,1
353,Low,4
353,Medium,1
353,High,1
354,Low,4
354,Medium,1
354,High,1
355,Low,4
355,Medium,1
355,High,1
356,Low,4
356,High,1
356,Medium,1
357,Low,4
357,Medium,1
357,High,1
358,Low,24
358,High,6
358,Medium,6
359,Low,4
359,Medium,1
359,High,1
360,Low,4
360,Medium,1
360,High,1
361,Low,4
361,Medium,1
361,High,1
362,Low,4
362,High,1
362,Medium,1
363,Low,4
363,Medium,1
363,High,1
364,Low,4
364,High,1
364,Medium,1
365,Low,4
365,High,1
365,Medium,1
366,Low,6
367,Low,8
367,Medium,2
367,High,2
368,Low,8
368,High,2
368,Medium,2
369,Low,4
369,High,1
369,Medium,1
370,Low,4
370,High,1
370,Medium,1
371,Low,4
371,Medium,1
371,High,1
372,Low,16
372,Medium,4
372,High,4
373,Low,4
373,Medium,1
373,High,1
374,High,6
374,Medium,6
375,High,6
375,Medium,6
376,Medium,6
376,High,6
377,Medium,6
377,High,6
378,High,6
378,Medium,6
379,Medium,6
379,High,6
380,High,6
380,Medium,6
381,Medium,6
381,High,6
382,High,30
382,Medium,30
383,High,6
383,Medium,6
384,Medium,6
384,High,6
385,High,6
385,Medium,6
386,Medium,6
386,High,6
387,High,6
387,Medium,6
388,High,6
388,Medium,6
389,High,6
389,Medium,6
390,High,12
390,Medium,12
391,High,6
391,Medium,6
392,High,6
392,Medium,6
393,High,6
393,Medium,6
394,High,8
394,Medium,4
395,Medium,6
395,High,6
396,Medium,6
396,High,6
397,High,6
397,Medium,6
398,Medium,6
398,High,6
399,Medium,6
399,High,6
400,Medium,6
400,High,6
401,High,8
401,Medium,4
402,High,6
402,Medium,6
403,Medium,3
403,Low,2
404,Medium,3
404,Low,2
405,Medium,3
405,Low,2
406,Medium,8
406,Low,7
407,Low,9
407,Medium,6
408,Low,3
408,Medium,2
409,Medium,48
409,Low,35
409,High,25
410,Medium,3
410,Low,2
411,Low,3
411,Medium,2
412,Low,3
412,Medium,2
413,Low,3
413,Medium,2
414,Low,6
414,Medium,4
415,Low,3
415,Medium,2
416,Low,6
416,Medium,4
417,Low,3
417,Medium,2
418,Low,3
418,Medium,2
419,Low,3
419,Medium,2
420,Low,3
420,Medium,2
421,Medium,3
421,Low,2
422,Medium,3
422,Low,2
423,Medium,3
423,Low,2
424,Medium,3
424,Low,2
425,Medium,6
425,Low,4
426,Medium,27
426,Low,18
427,Medium,3
427,Low,2
428,Medium,6
428,Low,4
429,Medium,3
429,Low,2
430,Medium,6
430,Low,4
431,Medium,3
431,Low,2
432,Medium,3
432,Low,2
433,Medium,3
433,Low,2
434,Medium,6
434,Low,4
435,Medium,3
435,Low,2
436,Medium,3
436,Low,2
437,Medium,3
437,Low,2
438,Medium,3
438,Low,2
439,Medium,3
439,Low,2
440,Medium,3
440,Low,2
441,Medium,6
441,Low,4
442,Medium,3
442,Low,2
443,Medium,6
443,Low,4
444,Medium,6
444,Low,4
445,Medium,2
445,Low,2
445,High,1
446,Medium,3
446,Low,2
447,Medium,3
447,Low,2
448,Medium,3
448,Low,2
449,Low,4
449,Medium,4
449,High,2
450,Medium,3
450,Low,2
451,Medium,3
451,Low,2
452,Medium,3
452,Low,2
453,Medium,3
453,Low,2
454,Medium,15
454,Low,10
455,Medium,3
455,Low,2
456,Medium,3
456,Low,2
457,Medium,3
457,Low,2
458,Medium,3
458,Low,2
459,Medium,3
459,Low,2
460,Low,16
460,High,16
460,Medium,8
461,Medium,8
461,Low,8
461,High,4
462,Low,2
462,Medium,2
462,High,1
463,High,2
463,Low,2
463,Medium,1
464,Low,2
464,High,2
464,Medium,1
465,Low,2
465,High,2
465,Medium,1
466,High,2
466,Low,2
466,Medium,1
467,Medium,2
467,Low,2
467,High,1
468,Medium,2
468,Low,2
468,High,1
469,Low,2
469,High,2
469,Medium,1
470,Low,2
470,High,2
470,Medium,1
471,Low,2
471,Medium,2
471,High,1
472,Medium,4
472,Low,4
472,High,2
473,High,12
473,Medium,9
473,Low,6
474,Low,2
474,High,2
474,Medium,1
475,Medium,2
475,Low,2
475,High,1
476,High,2
476,Medium,2
476,Low,1
477,Low,2
477,High,2
477,Medium,1
478,High,60
478,Medium,48
478,Low,24
479,High,5
479,Medium,4
479,Low,2
480,Medium,9
480,Low,2
481,High,5
481,Medium,4
481,Low,2
482,High,5
482,Medium,4
482,Low,2
483,Medium,45
483,Low,10
484,Medium,9
484,Low,2
485,High,5
485,Medium,4
485,Low,2
486,Medium,9
486,Low,2
487,Medium,7
488,Medium,30
488,Low,5
489,Medium,47
489,High,9
490,Medium,97
490,High,1
491,Medium,7
492,Medium,70
493,Medium,7
494,Medium,6
494,Low,1
495,Medium,7
496,Medium,14
497,Medium,6
497,Low,1
498,High,7
498,Medium,5
499,High,7
499,Medium,5
500,High,14
500,Medium,10
501,High,7
501,Medium,5
502,High,14
502,Medium,10
503,High,56
503,Medium,40
504,High,26
504,Medium,22
505,Medium,7
505,High,5
506,High,7
506,Medium,5
507,High,7
507,Medium,5
508,High,7
508,Medium,5
509,Medium,7
509,High,5
510,Medium,7
510,High,5
511,High,3
511,Medium,3
512,Medium,27
512,High,27
513,Medium,3
513,High,3
514,High,6
514,Medium,6
515,Medium,3
515,High,3
516,High,3
516,Medium,3
517,Medium,9
517,High,9
518,High,3
518,Medium,3
519,Medium,3
519,High,3
520,High,3
520,Medium,3
521,High,3
521,Medium,3
522,Medium,3
522,High,3
523,Medium,3
523,High,3
524,High,3
524,Medium,3
525,Medium,3
525,High,3
526,High,3
526,Medium,3
527,High,3
527,Medium,3
528,Medium,3
528,High,3
529,Medium,60
530,Medium,12
531,Medium,12
532,High,6
532,Medium,6
533,Medium,6
533,High,6
534,High,6
534,Medium,6
535,Medium,6
535,High,6
536,High,12
536,Medium,12
537,Medium,12
538,High,6
538,Medium,6
539,Medium,12
540,High,6
540,Medium,6
541,Medium,6
541,High,6
542,Medium,6
542,High,6
543,High,6
543,Medium,6
544,High,6
544,Medium,6
545,Medium,65
546,Medium,13
547,Medium,104
547,High,1
548,Medium,13
549,Medium,13
550,Medium,13
551,Medium,13
552,Medium,26
553,Medium,13
554,Medium,13
555,Low,7
555,High,6
556,Medium,13
557,Medium,13
558,Medium,26
559,Medium,13
560,Low,7
560,High,6
561,Low,24
561,High,18
562,Low,4
562,High,3
563,Low,4
563,High,3
564,Low,8
564,High,6
565,Low,5
565,High,2
566,Low,4
566,High,3
567,Low,4
567,High,3
568,Low,4
568,High,3
569,Low,8
569,High,6
570,Low,24
570,High,18
571,Low,4
571,High,3
572,Low,4
572,High,3
573,Low,4
573,High,3
574,Low,4
574,High,3
575,Low,4
575,High,3
576,Low,4
576,High,3
577,Low,4
577,High,3
578,Low,4
578,High,3
579,Low,5
579,High,2
580,Low,16
580,High,12
581,Low,5
581,High,2
582,Low,5
582,High,2
583,Low,10
583,High,4
584,Low,15
584,High,6
585,Low,4
585,High,3
586,Low,23
586,High,12
587,Low,4
587,High,3
588,Low,4
588,High,3
589,Low,10
589,High,4
590,Low,5
590,High,2
591,Low,4
591,High,3
592,Low,4
592,High,3
593,Low,5
593,High,2
594,Low,4
594,High,3
595,Low,7
595,High,6
596,Low,7
596,High,6
597,Medium,117
598,Low,7
598,High,6
599,Low,21
599,High,18
600,Low,7
600,High,6
601,Low,14
601,High,12
602,Medium,13
603,Low,7
603,High,6
604,Low,14
604,High,12
605,Low,7
605,High,6
606,Medium,13
607,Low,7
607,High,6
608,Low,7
608,High,6
609,Low,7
609,High,6
610,Low,7
610,High,6
611,Medium,13
612,Medium,4
612,High,3
613,High,5
613,Medium,2
614,Medium,5
614,High,2
615,Medium,7
616,Medium,4
616,High,3
617,Medium,35
618,Medium,7
619,Medium,7
620,Medium,7
621,Medium,7
622,Medium,7
623,Medium,7
624,Medium,7
625,Medium,4
625,High,3
626,High,9
626,Medium,4
627,Low,9
627,Medium,4
628,High,9
628,Medium,4
629,High,9
629,Medium,4
630,Low,18
630,Medium,8
631,Low,9
631,Medium,4
632,High,18
632,Medium,8
633,Low,27
633,Medium,12
634,Low,9
634,Medium,4
635,Low,9
635,Medium,4
636,High,9
636,Medium,4
637,High,27
637,Medium,12
638,Low,45
638,Medium,18
639,Low,10
639,Medium,4
640,Low,10
640,Medium,4
641,Low,5
641,Medium,2
642,Low,10
642,Medium,4
643,Low,5
643,Medium,2
644,Low,15
644,Medium,6
645,Low,5
645,Medium,2
646,Low,5
646,Medium,2
647,Low,15
647,Medium,6
648,Low,5
648,Medium,2
649,Low,5
649,Medium,2
650,Low,5
650,Medium,2
651,Low,5
651,Medium,2
652,Low,5
652,Medium,2
653,Low,5
653,Medium,2
654,Low,5
654,Medium,2
655,Low,5
655,Medium,2
656,Low,25
656,Medium,10
657,Low,39
657,High,19
657,Medium,12
658,Low,5
658,Medium,2
659,Low,5
659,Medium,2
660,Low,5
660,Medium,2
661,Low,5
661,Medium,2
662,Low,5
662,Medium,2
663,Low,5
663,Medium,1
663,High,1
664,Low,5
664,Medium,2
665,Medium,6
665,High,4
665,Low,4
666,Medium,3
666,Low,2
666,High,2
667,Medium,9
667,High,6
667,Low,6
668,Low,5
668,Medium,2
669,Medium,3
669,Low,2
669,High,2
670,Low,5
670,High,2
671,Medium,3
671,Low,2
671,High,2
672,Low,6
672,Medium,6
672,High,4
673,Medium,3
673,High,2
673,Low,1
674,Medium,3
674,Low,3
674,High,2
675,Low,3
675,Medium,3
675,High,2
676,Medium,15
676,Low,15
676,High,10
677,Medium,3
677,Low,3
677,High,2
678,Medium,3
678,Low,3
678,High,2
679,Medium,3
679,Low,3
679,High,2
680,Medium,3
680,Low,3
680,High,2
681,Medium,6
681,Low,6
681,High,4
682,Low,3
682,Medium,3
682,High,2
683,Medium,3
683,Low,3
683,High,2
684,Medium,3
684,Low,3
684,High,2
685,Low,3
685,Medium,3
685,High,2
686,Medium,3
686,Low,3
686,High,2
687,Medium,3
687,Low,3
687,High,2
688,Low,3
688,Medium,3
688,High,2
689,Medium,9
689,Low,9
689,High,6
690,Medium,3
690,Low,3
690,High,2
691,Medium,3
691,Low,3
691,High,2
692,High,32
692,Medium,24
692,Low,16
693,High,16
693,Medium,12
693,Low,8
694,High,4
694,Medium,3
694,Low,2
695,High,8
695,Medium,6
695,Low,4
696,Low,6
696,Medium,3
697,Low,6
697,Medium,3
698,Low,6
698,Medium,3
699,High,4
699,Medium,3
699,Low,2
700,High,4
700,Medium,3
700,Low,2
701,Low,6
701,Medium,3
702,Low,6
702,Medium,3
703,High,4
703,Medium,3
703,Low,2
704,High,4
704,Medium,3
704,Low,2
705,Low,6
705,Medium,3
706,Low,6
706,Medium,3
707,Low,6
707,Medium,3
708,High,4
708,Medium,3
708,Low,2
709,High,4
709,Medium,3
709,Low,2
710,Medium,90
710,Low,27
711,Medium,10
711,Low,3
712,Medium,40
712,Low,12
713,Medium,10
713,Low,3
714,Medium,10
714,Low,3
715,Medium,10
715,Low,3
716,Medium,10
716,Low,3
717,Medium,20
717,Low,6
718,Medium,10
718,Low,3
719,Medium,10
719,Low,3
720,Medium,10
720,Low,3
721,Medium,10
721,Low,3
722,Medium,10
722,Low,3
723,Medium,10
723,Low,3
724,Medium,18
724,Low,4
725,Low,5
725,Medium,2
726,Low,5
726,Medium,2
727,Low,14
728,Low,7
729,Low,7
730,Low,10
730,Medium,4
731,Low,14
732,Low,5
732,Medium,2
733,Low,10
733,Medium,4
734,Low,15
734,Medium,6
735,Low,5
735,Medium,2
736,Low,7
737,Low,5
737,Medium,2
738,Low,7
739,Low,5
739,Medium,2
740,Low,7
741,Low,7
742,Low,7
743,Low,28
744,Low,7
745,Low,7
746,Low,7
747,Low,5
747,Medium,2
748,Low,28
748,Medium,4
749,Low,7
749,Medium,1
750,Low,45
750,Medium,16
750,High,5
751,Low,7
751,Medium,1
752,Low,7
752,Medium,1
753,Low,7
753,Medium,1
754,Low,7
754,Medium,1
755,Low,21
755,Medium,3
756,Low,14
756,Medium,2
757,Low,7
757,Medium,1
758,Low,7
758,Medium,1
759,Low,7
759,Medium,1
760,Low,7
760,Medium,1
761,Low,7
761,Medium,1
762,Low,28
762,Medium,4
763,Low,7
763,Medium,1
764,Low,7
764,Medium,1
765,Low,7
765,Medium,1
766,Low,6
766,Medium,2
767,Low,6
767,Medium,2
768,Low,12
768,Medium,4
769,High,4
769,Medium,2
769,Low,1
770,High,4
770,Medium,2
770,Low,1
771,High,8
771,Medium,4
771,Low,2
772,High,12
772,Medium,6
772,Low,3
773,High,28
773,Medium,14
773,Low,7
774,High,6
774,Medium,1
775,High,6
775,Medium,1
776,High,5
776,Medium,2
777,High,5
777,Medium,2
778,High,4
778,Medium,3
779,High,4
779,Medium,3
780,High,8
780,Medium,6
781,High,25
781,Medium,17
782,High,5
782,Medium,2
783,High,6
783,Medium,1
784,High,4
784,Medium,3
785,High,4
785,Medium,2
785,Low,1
786,Medium,5
786,Low,4
787,Medium,8
787,Low,1
788,Medium,8
788,Low,1
789,Medium,16
789,Low,2
790,Medium,9
791,Medium,9
792,Medium,8
792,Low,1
793,Medium,8
793,Low,1
794,Medium,9
795,Medium,5
795,Low,4
796,Medium,16
796,Low,2
797,Medium,8
797,Low,1
798,Medium,9
799,Medium,8
799,Low,1
800,Medium,9
801,Medium,8
801,Low,1
802,Medium,9
803,Medium,9
804,Low,55
804,Medium,46
804,High,18
805,Low,5
806,Medium,45
806,Low,23
806,High,4
807,Low,5
808,Low,20
809,Low,5
810,Low,5
811,Low,15
812,Low,5
813,Low,5
814,Low,5
815,Low,5
816,Low,5
817,Low,5
818,Low,5
819,Low,10
820,Low,5
821,Low,5
822,Low,5
823,Low,5
824,Low,5
825,Low,4
825,Medium,2
825,High,1
826,Low,4
826,Medium,2
826,High,1
827,Low,4
827,Medium,2
827,High,1
828,Low,4
828,Medium,3
829,Low,4
829,Medium,3
830,Low,4
830,Medium,2
830,High,1
831,Low,4
831,Medium,2
831,High,1
832,High,4
832,Medium,2
832,Low,1
833,High,4
833,Medium,2
833,Low,1
834,High,8
834,Medium,4
834,Low,2
835,High,4
835,Medium,2
835,Low,1
836,Low,4
836,Medium,2
836,High,1
837,Low,4
837,Medium,3
838,Low,48
838,Medium,24
838,High,12
839,Low,4
839,Medium,2
839,High,1
840,Low,4
840,Medium,2
840,High,1
841,High,16
841,Medium,12
841,Low,8
842,Medium,6
842,High,3
843,Medium,4
843,High,3
843,Low,2
844,Medium,4
844,High,3
844,Low,2
845,Medium,4
845,High,3
845,Low,2
846,Medium,4
846,High,3
846,Low,2
847,Medium,4
847,High,3
847,Low,2
848,Medium,4
848,High,3
848,Low,2
849,Medium,4
849,Low,3
849,High,2
850,Medium,4
850,Low,3
850,High,2
851,High,5
851,Low,2
851,Medium,2
852,Low,5
852,High,3
852,Medium,1
853,High,4
853,Medium,3
853,Low,2
854,Medium,4
854,Low,3
854,High,2
855,Medium,4
855,High,3
855,Low,2
856,High,4
856,Medium,3
856,Low,2
857,High,4
857,Medium,3
857,Low,2
858,High,4
858,Medium,3
858,Low,2
859,High,4
859,Medium,3
859,Low,2
860,Medium,3
860,Low,3
860,High,1
861,Low,3
861,Medium,3
861,High,1
862,Low,3
862,Medium,3
862,High,1
863,Low,3
863,Medium,3
863,High,1
864,Low,3
864,Medium,3
864,High,1
865,Low,6
865,Medium,6
865,High,2
866,Medium,3
866,Low,3
866,High,1
867,Low,3
867,Medium,3
867,High,1
868,Medium,3
868,Low,3
868,High,1
869,Low,3
869,Medium,3
869,High,1
870,Low,19
870,Medium,11
870,High,5
871,Low,6
871,Medium,6
871,High,2
872,Medium,3
872,Low,3
872,High,1
873,Low,3
873,Medium,3
873,High,1
874,Medium,3
874,Low,3
874,High,1
875,Low,4
875,Medium,2
875,High,1
876,Low,4
876,Medium,2
876,High,1
877,Medium,6
877,High,1
878,Medium,9
878,Low,9
878,High,3
879,Medium,3
879,Low,3
879,High,1
880,Medium,36
880,High,8
880,Low,5
881,High,30
881,Medium,20
882,High,6
882,Medium,4
883,High,6
883,Medium,4
884,High,6
884,Medium,4
885,High,6
885,Medium,4
886,High,6
886,Medium,4
887,High,6
887,Medium,4
888,High,6
888,Medium,4
889,High,6
889,Medium,4
890,Medium,30
890,Low,20
891,High,6
891,Medium,4
892,Medium,30
892,Low,20
893,Medium,6
893,Low,4
894,Medium,6
894,Low,4
895,High,6
895,Medium,4
896,High,6
896,Medium,4
897,Medium,6
897,Low,4
898,Medium,6
898,Low,4
899,Medium,6
899,Low,4
900,Medium,48
900,Low,12
901,Medium,8
901,Low,2
902,Medium,8
902,Low,2
903,Medium,16
903,Low,4
904,Medium,8
904,Low,2
905,Medium,8
905,Low,2
906,Medium,8
906,Low,2
907,Medium,16
907,Low,4
908,Medium,8
908,Low,2
909,Medium,8
909,Low,2
910,Medium,8
910,Low,2
911,Medium,8
911,Low,2
912,Medium,16
912,Low,4
913,Medium,8
913,Low,2
914,High,2
914,Low,2
914,Medium,2
915,High,2
915,Medium,2
915,Low,2
916,High,9
916,Medium,3
916,Low,3
917,Medium,2
917,High,2
917,Low,2
918,High,3
918,Low,2
918,Medium,1
919,High,2
919,Medium,2
919,Low,2
920,Low,2
920,High,2
920,Medium,2
921,High,4
921,Medium,4
921,Low,4
922,Medium,2
922,Low,2
922,High,2
923,Low,2
923,Medium,2
923,High,2
924,High,10
924,Low,10
924,Medium,10
925,Medium,2
925,Low,2
925,High,2
926,Medium,4
926,Low,2
927,Medium,4
927,Low,2
928,Medium,4
928,Low,2
929,Medium,4
929,Low,2
930,Medium,4
930,Low,2
931,Medium,4
931,Low,2
932,High,2
932,Low,2
932,Medium,2
933,Medium,2
933,Low,2
933,High,2
934,High,2
934,Medium,2
934,Low,2
935,Low,2
935,High,2
935,Medium,2
936,Medium,2
936,Low,2
936,High,2
937,Medium,2
937,High,2
937,Low,2
938,Medium,3
938,Low,2
938,High,1
939,Medium,4
939,Low,2
940,Low,12
940,High,9
940,Medium,6
941,High,9
942,High,9
943,High,9
944,High,9
945,High,9
946,Low,4
946,High,3
946,Medium,2
947,Medium,4
947,High,3
947,Low,2
948,Medium,24
948,High,21
948,Low,18
949,Low,4
949,High,3
949,Medium,2
950,Low,4
950,High,3
950,Medium,2
951,Low,4
951,High,3
951,Medium,2
952,Low,4
952,High,3
952,Medium,2
953,High,9
954,High,9
955,High,9
956,High,9
957,High,9
958,High,6
959,High,6
960,High,12
961,High,6
962,High,6
963,High,6
964,High,6
965,High,6
966,High,6
967,High,6
968,High,6
969,High,30
970,High,6
971,High,6
972,High,18
973,High,6
974,High,6
975,High,6
976,High,6
977,High,6
978,High,6
979,High,6
980,High,6
981,High,6
982,High,6
983,High,6
984,High,6
985,Medium,12
985,High,6
986,Medium,6
986,High,3
987,Medium,6
987,High,3
988,Medium,12
988,High,6
989,Medium,6
989,High,3
990,Medium,6
990,High,3
991,High,54
992,High,9
993,High,9
994,High,9
995,High,9
996,High,9
997,High,9
998,High,9
999,High,9
1000,High,9
1001,High,27
1002,High,9
1003,High,9
1004,High,9
1005,High,9
1006,High,9
1007,High,9
1008,High,6
1008,Medium,3
1009,High,12
1009,Medium,6
1010,High,42
1010,Medium,21
1011,High,6
1011,Medium,3
1012,High,6
1012,Medium,3
1013,High,6
1013,Medium,3
1014,High,6
1014,Medium,3
1015,Medium,5
1015,Low,1
1016,Medium,5
1016,Low,1
1017,Medium,15
1017,Low,3
1018,Medium,15
1018,Low,3
1019,Medium,5
1019,Low,1
1020,Medium,5
1020,Low,1
1021,Medium,5
1021,Low,1
1022,Medium,5
1022,Low,1
1023,Medium,5
1023,Low,1
1024,High,7
1024,Medium,3
1024,Low,2
1025,High,4
1025,Low,1
1025,Medium,1
1026,High,4
1026,Medium,1
1026,Low,1
1027,High,4
1027,Low,1
1027,Medium,1
1028,Medium,16
1028,Low,4
1028,High,4
1029,High,4
1029,Low,1
1029,Medium,1
1030,Medium,4
1030,High,1
1030,Low,1
1031,Medium,4
1031,High,1
1031,Low,1
1032,Medium,4
1032,High,1
1032,Low,1
1033,Low,5
1033,High,5
1033,Medium,3
1034,Medium,32
1034,Low,9
1034,High,7
1035,Medium,5
1035,Low,1
1036,Medium,4
1036,Low,1
1036,High,1
1037,Medium,4
1037,High,1
1037,Low,1
1038,Medium,4
1038,Low,1
1038,High,1
1039,Medium,3
1039,High,2
1039,Low,1
1040,Medium,3
1040,High,2
1040,Low,1
1041,Medium,3
1041,High,2
1041,Low,1
1042,Medium,3
1042,High,2
1042,Low,1
1043,Medium,4
1043,High,1
1043,Low,1
1044,Medium,4
1044,High,1
1044,Low,1
1045,High,76
1045,Low,50
1045,Medium,16
1046,High,7
1046,Medium,1
1046,Low,1
1047,High,7
1047,Low,1
1047,Medium,1
1048,High,5
1048,Low,4
1049,High,5
1049,Low,4
1050,High,7
1050,Low,1
1050,Medium,1
1051,High,14
1051,Low,2
1051,Medium,2
1052,High,14
1052,Medium,2
1052,Low,2
1053,High,7
1053,Low,1
1053,Medium,1
1054,High,7
1054,Medium,1
1054,Low,1
1055,High,7
1055,Low,1
1055,Medium,1
1056,High,7
1056,Medium,1
1056,Low,1
1057,High,7
1057,Medium,1
1057,Low,1
1058,High,7
1058,Low,1
1058,Medium,1
1059,High,7
1059,Medium,1
1059,Low,1
1060,High,7
1060,Low,1
1060,Medium,1
1061,High,7
1061,Low,1
1061,Medium,1
1062,High,7
1062,Low,1
1062,Medium,1
1063,High,7
1063,Low,1
1063,Medium,1
1064,High,7
1064,Low,1
1064,Medium,1
1065,High,7
1065,Medium,1
1065,Low,1
1066,High,7
1066,Medium,1
1066,Low,1
1067,High,7
1067,Medium,1
1067,Low,1
1068,High,7
1068,Low,1
1068,Medium,1
1069,High,14
1069,Low,2
1069,Medium,2
1070,High,7
1070,Low,1
1070,Medium,1
1071,High,7
1071,Low,1
1071,Medium,1
1072,High,7
1072,Low,1
1072,Medium,1
1073,High,10
1074,High,10
1075,High,6
1075,Low,2
1075,Medium,2
1076,High,6
1076,Medium,2
1076,Low,2
1077,High,6
1077,Low,2
1077,Medium,2
1078,High,6
1078,Medium,2
1078,Low,2
1079,High,10
1080,High,10
1081,High,10
1082,High,10
1083,High,10
1084,High,15
1084,Low,1
1085,High,10
1086,High,10
1087,High,6
1087,Low,2
1087,Medium,2
1088,High,6
1088,Medium,2
1088,Low,2
1089,High,6
1089,Low,2
1089,Medium,2
1090,High,10
1091,High,10
1092,High,6
1092,Medium,4
1093,High,30
1093,Medium,20
1094,High,6
1094,Medium,4
1095,High,6
1095,Medium,2
1095,Low,2
1096,High,6
1096,Medium,2
1096,Low,2
1097,High,60
1098,High,6
1099,High,6
1100,High,30
1100,Low,8
1101,High,6
1102,High,6
1103,High,30
1103,Low,2
1104,High,6
1105,High,6
1106,High,6
1107,High,6
1108,High,6
1109,High,6
1110,High,6
1111,High,24
1112,High,6
1113,High,6
1114,High,6
1115,High,6
1115,Low,2
1116,High,6
1116,Low,2
1117,High,6
1117,Low,2
1118,High,6
1118,Low,2
1119,High,6
1119,Low,2
1120,High,6
1120,Low,2
1121,High,6
1121,Low,2
1122,High,12
1122,Low,4
1123,High,6
1123,Low,2
1124,High,6
1124,Low,2
1125,High,6
1125,Low,2
1126,High,6
1126,Low,2
1127,High,12
1127,Low,4
1128,High,6
1128,Low,2
1129,High,18
1129,Low,6
1130,High,6
1130,Low,2
1131,High,6
1131,Low,2
1132,High,6
1132,Low,2
1133,High,6
1133,Low,2
1134,High,6
1134,Low,2
1135,High,8
1136,High,6
1136,Low,2
1137,High,8
1138,High,6
1138,Low,2
1139,High,8
1140,High,8
1141,High,8
1142,High,8
1143,High,8
1144,Low,32
1144,High,24
1145,Low,4
1145,High,3
1146,Low,4
1146,High,3
1147,Low,4
1147,High,3
1148,Low,4
1148,High,3
1149,Low,4
1149,High,3
1150,Low,4
1150,High,3
1151,High,6
1151,Low,1
1152,High,36
1152,Low,6
1153,High,6
1153,Low,1
1154,High,6
1154,Low,1
1155,High,6
1155,Low,1
1156,Low,4
1156,High,3
1157,High,6
1157,Low,1
1158,High,6
1158,Low,1
1159,High,6
1159,Low,1
1160,High,12
1160,Low,2
1161,High,6
1161,Low,1
1162,High,6
1162,Low,1
1163,High,6
1163,Low,1
1164,High,6
1164,Low,1
1165,High,6
1165,Low,1
1166,High,5
1166,Low,2
1167,High,5
1167,Low,2
1168,High,5
1168,Low,2
1169,Low,4
1169,High,3
1170,High,10
1170,Low,4
1171,High,5
1171,Low,2
1172,High,10
1172,Low,4
1173,Low,4
1173,High,3
1174,High,5
1174,Low,2
1175,Low,4
1175,High,3
1176,Low,4
1176,High,3
1177,High,5
1177,Low,2
1178,Low,4
1178,High,3
1179,High,5
1179,Low,2
1180,High,5
1180,Low,2
1181,High,5
1181,Low,2
1182,Low,4
1182,High,3
1183,Low,4
1183,High,3
1184,Low,4
1184,High,3
1185,Low,4
1185,High,3
1186,Low,4
1186,High,3
1187,Low,4
1187,High,3
1188,Low,4
1188,High,3
1189,Low,4
1189,High,3
1190,Low,4
1190,High,3
1191,Low,4
1191,High,3
1192,Low,12
1192,High,9
1193,Low,4
1193,High,3
1194,Low,4
1194,High,3
1195,Low,4
1195,High,3
1196,High,18
1196,Low,14
1197,Low,4
1197,High,3
1198,Low,4
1198,High,3
1199,High,6
1199,Low,6
1200,High,3
1200,Low,3
1201,Low,3
1201,High,3
1202,Low,3
1202,High,3
1203,Low,6
1203,High,6
1204,High,12
1204,Low,12
1205,High,3
1205,Low,3
1206,Low,3
1206,High,3
1207,High,20
1207,Low,4
1208,High,15
1208,Low,3
1209,Low,3
1209,High,3
1210,High,5
1210,Low,1
1211,High,5
1211,Low,1
1212,High,5
1212,Low,1
1213,High,3
1213,Low,3
1214,Low,6
1214,High,6
1215,High,6
1215,Low,6
1216,Low,3
1216,High,3
1217,High,5
1217,Low,1
1218,High,3
1218,Low,3
1219,High,8
1219,Low,6
1219,Medium,4
1220,High,8
1220,Low,6
1220,Medium,4
1221,High,6
1221,Low,3
1222,High,6
1222,Low,3
1223,High,6
1223,Low,3
1224,High,6
1224,Low,3
1225,High,6
1225,Low,3
1226,High,6
1226,Low,3
1227,High,18
1227,Low,9
1228,High,6
1228,Low,3
1229,High,6
1229,Low,3
1230,High,6
1230,Low,3
1231,High,6
1231,Low,3
1232,High,6
1232,Low,3
1233,High,6
1233,Low,3
1234,High,6
1234,Low,3
1235,High,6
1235,Low,3
1236,Medium,4
1236,Low,3
1236,High,2
1237,Medium,4
1237,High,3
1237,Low,2
1238,High,6
1238,Low,3
1239,High,6
1239,Low,3
1240,High,6
1240,Low,3
1241,High,6
1241,Low,3
1242,High,6
1242,Low,3
1243,High,6
1243,Low,3
1244,Medium,6
1245,Medium,6
1246,Medium,48
1247,Medium,6
1248,Medium,6
1249,Medium,12
1250,Medium,6
1251,Medium,6
1252,Medium,6
1253,Medium,30
1254,Medium,6
1255,Medium,6
1256,Medium,6
1257,Medium,6
1258,Medium,6
1259,Medium,6
1260,Medium,6
1261,Medium,6
1262,Medium,6
1263,Medium,6
1264,Low,7
1265,Low,7
1266,Low,7
1267,Low,7
1268,Low,7
1269,Low,14
1270,Low,7
1271,Low,7
1272,Low,7
1273,Low,7
1274,Low,7
1275,Low,5
1275,Medium,2
1276,Low,5
1276,Medium,2
1277,Low,5
1277,Medium,2
1278,Low,5
1278,Medium,2
1279,Low,5
1279,Medium,2
1280,Low,5
1280,Medium,2
1281,Low,7
1282,Low,21
1283,Low,7
1284,Low,7
1285,Low,5
1285,Medium,2
1286,Low,5
1286,Medium,2
1287,Low,5
1287,Medium,2
1288,Low,5
1288,Medium,2
1289,Low,15
1289,Medium,6
1290,Low,3
1290,High,3
1291,Low,3
1291,High,3
1292,High,4
1292,Low,2
1293,High,20
1293,Low,10
1294,High,4
1294,Low,2
1295,High,24
1295,Low,12
1296,High,8
1296,Low,4
1297,High,4
1297,Low,2
1298,High,9
1298,Low,6
1298,Medium,3
1299,High,3
1299,Low,2
1299,Medium,1
1300,High,4
1300,Low,2
1301,High,8
1301,Low,4
1302,High,4
1302,Low,2
1303,High,4
1303,Low,2
1304,High,3
1304,Low,2
1304,Medium,1
1305,High,4
1305,Low,2
1306,High,3
1306,Low,2
1306,Medium,1
1307,High,3
1307,Low,2
1307,Medium,1
1308,High,3
1308,Low,2
1308,Medium,1
1309,High,3
1309,Low,2
1309,Medium,1
1310,High,4
1310,Low,2
1311,High,4
1311,Medium,3
1312,High,8
1312,Medium,6
1313,High,4
1313,Medium,3
1314,High,4
1314,Medium,3
1315,High,4
1315,Medium,3
1316,High,4
1316,Medium,3
1317,High,20
1317,Medium,15
1318,High,4
1318,Medium,3
1319,High,4
1319,Medium,3
1320,High,4
1320,Medium,3
1321,High,20
1321,Medium,15
1322,High,20
1322,Medium,15
1323,High,4
1323,Medium,3
1324,High,4
1324,Medium,3
1325,Medium,3
1325,High,3
1325,Low,1
1326,High,8
1326,Medium,6
1327,High,4
1327,Medium,3
1328,High,8
1328,Medium,6
1329,Medium,20
1329,High,8
1330,Medium,3
1330,High,3
1331,High,3
1331,Medium,3
1332,High,3
1332,Medium,3
1333,High,6
1333,Medium,6
1334,Medium,3
1334,High,3
1335,High,3
1335,Medium,3
1336,High,3
1336,Medium,3
1337,Medium,6
1337,High,6
1338,Medium,3
1338,High,3
1339,Medium,3
1339,High,3
1340,Medium,4
1340,High,2
1341,Medium,4
1341,High,2
1342,Medium,20
1342,High,10
1343,Medium,4
1343,High,2
1344,Medium,3
1344,High,3
1345,Medium,4
1345,High,1
1346,Medium,16
1346,High,4
1347,Medium,4
1347,High,1
1348,Medium,4
1348,High,1
1349,Medium,4
1349,High,1
1350,Medium,4
1350,High,1
1351,Medium,16
1351,High,4
1352,Medium,8
1352,High,2
1353,Medium,4
1353,High,1
1354,Medium,4
1354,High,1
1355,Medium,4
1355,High,1
1356,Medium,4
1356,High,1
1357,Medium,4
1357,High,1
1358,Medium,8
1358,High,2
1359,Medium,4
1359,High,1
1360,Medium,4
1360,High,1
1361,Medium,4
1361,High,1
1362,Medium,4
1362,High,1
1363,Medium,4
1363,High,1
1364,Medium,4
1364,High,1
1365,Medium,8
1365,High,2
1366,Medium,4
1366,High,1
1367,Medium,4
1367,High,2
1368,Medium,4
1368,High,2
1369,Medium,4
1369,High,2
1370,Medium,4
1370,High,2
1371,Medium,4
1371,High,2
1372,Medium,4
1372,High,2
1373,Medium,8
1373,High,4
1374,Medium,5
1374,High,1
1375,Medium,5
1375,High,1
1376,Medium,5
1376,High,1
1377,Medium,5
1377,High,1
1378,Medium,5
1378,High,1
1379,Medium,5
1379,High,1
1380,Medium,5
1380,High,1
1381,Medium,5
1381,High,1
1382,Medium,10
1382,High,2
1383,Medium,5
1383,High,1
1384,Medium,5
1384,High,1
1385,Medium,5
1385,High,1
1386,Medium,5
1386,High,1
1387,Medium,5
1387,High,1
1388,Medium,10
1388,High,2
1389,Medium,18
1389,High,6
1390,Medium,8
1390,High,4
1391,Medium,4
1391,High,2
1392,Medium,5
1392,High,1
1393,Medium,4
1393,High,4
1394,Medium,4
1394,High,4
1395,High,31
1395,Medium,11
1395,Low,6
1396,High,3
1396,Medium,2
1396,Low,1
1397,High,3
1397,Medium,2
1397,Low,1
1398,High,3
1398,Medium,2
1398,Low,1
1399,High,6
1399,Medium,4
1399,Low,2
1400,High,3
1400,Medium,2
1400,Low,1
1401,Medium,3
1401,High,2
1401,Low,1
1402,Medium,3
1402,High,2
1402,Low,1
1403,Medium,3
1403,High,2
1403,Low,1
1404,High,3
1404,Medium,2
1404,Low,1
1405,Medium,3
1405,Low,3
1406,Medium,6
1406,Low,4
1406,High,2
1407,Medium,3
1407,High,2
1407,Low,1
1408,High,3
1408,Medium,2
1408,Low,1
1409,High,3
1409,Medium,2
1409,Low,1
1410,High,3
1410,Medium,2
1410,Low,1
1411,High,3
1411,Medium,2
1411,Low,1
1412,High,9
1412,Low,5
1412,Medium,4
1413,High,3
1413,Medium,2
1413,Low,1
1414,High,9
1414,Medium,6
1414,Low,3
1415,High,6
1415,Low,4
1415,Medium,2
1416,High,22
1416,Low,22
1417,High,3
1417,Low,3
1418,High,3
1418,Medium,2
1418,Low,1
1419,High,8
1420,Low,22
1420,High,6
1421,High,20
1422,High,11
1422,Medium,1
1423,Low,4
1423,High,4
1424,High,4
1424,Low,4
1425,Low,24
1425,High,16
1426,High,10
1426,Low,10
1427,Low,10
1427,High,10
1428,Low,12
1428,High,4
1429,Low,32
1429,High,8
1430,Low,12
1430,High,3
1431,Low,4
1431,High,1
1432,Low,40
1432,High,13
1433,Low,8
1433,High,2
1434,Low,4
1434,High,1
1435,Low,4
1435,High,1
1436,Low,16
1436,High,4
1437,Low,4
1437,High,1
1438,Low,4
1438,High,1
1439,Low,4
1439,High,1
1440,Low,4
1440,High,1
1441,Low,4
1441,High,1
1442,Low,4
1442,High,1
1443,Low,4
1443,High,1
1444,Low,4
1444,High,1
1445,Low,6
1445,High,3
1446,Low,13
1446,High,5
1447,Low,5
1447,High,2
1448,Low,4
1448,High,2
1449,Low,12
1449,High,4
1450,Low,12
1450,High,4
1451,Low,8
1451,Medium,2
1452,Low,4
1452,Medium,1
1453,Low,4
1453,Medium,1
1454,Low,4
1454,Medium,1
1455,Low,4
1455,Medium,1
1456,Low,4
1456,Medium,1
1457,Low,15
1457,High,5
1457,Medium,5
1458,Low,3
1458,Medium,1
1458,High,1
1459,Low,3
1459,High,1
1459,Medium,1
1460,Low,3
1460,Medium,1
1460,High,1
1461,Low,3
1461,High,1
1461,Medium,1
1462,Low,4
1462,Medium,1
1463,Low,8
1463,Medium,2
1464,Low,3
1464,Medium,1
1464,High,1
1465,Low,3
1465,Medium,2
1466,Low,14
1466,Medium,6
1467,Low,3
1467,Medium,2
1468,Low,6
1468,Medium,4
1469,Low,21
1469,Medium,14
1470,Low,3
1470,Medium,2
1471,Low,24
1471,Medium,6
1472,Low,3
1472,Medium,2
1473,Low,3
1473,Medium,1
1473,High,1
1474,Low,3
1474,High,1
1474,Medium,1
1475,Low,3
1475,Medium,1
1475,High,1
1476,Low,3
1476,Medium,2
1477,Low,3
1477,Medium,1
1477,High,1
1478,Low,4
1478,Medium,1
1479,Low,4
1479,Medium,1
1480,Low,4
1480,Medium,1
1481,Low,8
1481,Medium,2
1482,Low,4
1482,Medium,1
1483,Low,4
1483,Medium,1
1484,Low,4
1484,Medium,1
1485,Low,8
1485,Medium,2
1486,Low,4
1486,Medium,1
1487,Low,4
1487,Medium,1
1488,Low,3
1488,High,1
1488,Medium,1
1489,Low,4
1489,Medium,1
1490,Low,4
1490,Medium,1
1491,Low,4
1491,Medium,1
1492,Low,8
1492,Medium,2
1493,Low,4
1493,Medium,1
1494,Low,3
1494,Medium,1
1494,High,1
1495,Low,3
1495,High,1
1495,Medium,1
1496,Low,12
1496,Medium,4
1496,High,4
1497,Low,3
1497,Medium,1
1497,High,1
1498,Low,4
1498,Medium,1
1499,Low,3
1499,Medium,1
1499,High,1
1500,Low,3
1500,Medium,1
1500,High,1
1501,Low,3
1501,High,1
1501,Medium,1
