DBSCAN,RUL_class,count
-1,Healthy,257
-1,Critical,44
-1,Medium,38
-1,Low,23
0,Low,12
0,Healthy,11
0,Critical,10
1,Healthy,8
1,Critical,1
2,Healthy,8
2,Critical,1
3,Healthy,8
3,Critical,1
4,Healthy,8
4,Critical,1
5,Healthy,6
6,Healthy,6
7,Healthy,6
8,Healthy,6
9,Healthy,18
10,Healthy,5
10,Low,1
11,Healthy,6
12,Healthy,6
13,Healthy,6
14,Healthy,6
15,Healthy,6
16,Healthy,5
16,Medium,1
17,Healthy,10
17,Medium,2
18,Healthy,5
18,Medium,1
19,Healthy,15
19,Medium,2
19,Low,1
20,Healthy,10
20,Medium,1
20,Low,1
21,Healthy,5
21,Medium,1
22,Healthy,5
22,Low,1
23,Healthy,10
23,Medium,2
24,Healthy,10
24,Medium,2
25,Healthy,5
25,Medium,1
26,Healthy,5
26,Medium,1
27,Healthy,3
27,Critical,3
28,Healthy,10
28,Critical,2
29,Healthy,18
29,Critical,10
29,Low,8
30,Healthy,5
30,Critical,1
31,Healthy,5
31,Critical,1
32,Healthy,3
32,Low,2
32,Critical,1
33,Healthy,31
33,Low,3
33,Critical,2
34,Healthy,3
34,Low,2
34,Critical,1
35,Healthy,3
35,Low,2
35,Critical,1
36,Healthy,5
36,Low,1
37,Critical,3
37,Healthy,3
38,Healthy,5
38,Medium,1
39,Critical,3
39,Healthy,3
40,Healthy,5
40,Low,1
41,Healthy,10
41,Low,2
42,Healthy,5
42,Low,1
43,Healthy,5
43,Medium,1
44,Healthy,5
44,Medium,1
45,Healthy,5
45,Medium,1
46,Healthy,6
47,Healthy,6
48,Healthy,6
49,Healthy,6
50,Healthy,6
51,Healthy,6
52,Healthy,6
53,Healthy,6
54,Healthy,6
55,Healthy,6
56,Healthy,6
57,Healthy,12
58,Healthy,12
59,Healthy,6
60,Healthy,6
61,Healthy,30
62,Healthy,6
63,Healthy,6
64,Healthy,6
65,Healthy,6
66,Healthy,6
67,Healthy,6
68,Healthy,6
69,Critical,5
69,Healthy,3
70,Critical,5
70,Healthy,3
71,Critical,5
71,Healthy,3
72,Critical,5
72,Healthy,3
73,Low,5
73,Healthy,3
74,Low,4
74,Healthy,3
74,Medium,1
75,Low,5
75,Healthy,3
76,Critical,5
76,Healthy,3
77,Healthy,6
77,Low,5
77,Medium,5
78,Healthy,4
78,Low,4
79,Critical,5
79,Healthy,3
80,Low,5
80,Healthy,3
81,Low,5
81,Healthy,3
82,Low,5
82,Healthy,3
83,Low,5
83,Healthy,3
84,Medium,5
84,Healthy,3
85,Medium,10
85,Healthy,4
85,Critical,2
86,Healthy,21
86,Medium,14
86,Critical,5
87,Medium,5
87,Healthy,3
88,Medium,5
88,Healthy,3
89,Medium,5
89,Healthy,2
89,Critical,1
90,Medium,5
90,Healthy,2
90,Critical,1
91,Medium,5
91,Healthy,2
91,Critical,1
92,Medium,5
92,Healthy,2
92,Critical,1
93,Healthy,14
93,Critical,2
94,Healthy,29
94,Critical,1
95,Healthy,4
95,Critical,2
96,Healthy,6
97,Healthy,6
98,Healthy,4
98,Critical,2
99,Healthy,4
99,Critical,2
100,Healthy,6
101,Healthy,4
101,Critical,2
102,Healthy,4
102,Critical,2
103,Healthy,6
104,Healthy,4
104,Critical,2
105,Healthy,4
105,Critical,2
106,Healthy,4
106,Critical,2
107,Healthy,7
108,Healthy,6
108,Critical,1
109,Healthy,6
109,Critical,1
110,Healthy,7
111,Healthy,7
112,Healthy,7
113,Healthy,7
114,Healthy,7
115,Healthy,7
116,Healthy,14
117,Healthy,7
118,Healthy,7
119,Healthy,7
120,Healthy,7
121,Healthy,14
122,Healthy,7
123,Healthy,7
124,Healthy,7
125,Healthy,5
125,Critical,1
126,Healthy,10
126,Medium,2
127,Healthy,5
127,Medium,1
128,Healthy,4
128,Critical,1
128,Low,1
129,Healthy,5
129,Medium,1
130,Healthy,10
130,Medium,2
131,Healthy,5
131,Medium,1
132,Healthy,5
132,Low,1
133,Healthy,5
133,Low,1
134,Healthy,5
134,Low,1
135,Healthy,4
135,Low,1
135,Critical,1
136,Healthy,5
136,Medium,1
137,Healthy,5
137,Low,1
138,Healthy,5
138,Medium,1
139,Healthy,10
139,Critical,2
140,Healthy,28
140,Medium,2
141,Healthy,5
141,Critical,1
142,Healthy,5
142,Critical,1
143,Healthy,5
143,Critical,1
144,Healthy,10
144,Low,2
145,Healthy,5
145,Medium,1
146,Healthy,6
147,Healthy,5
147,Medium,1
148,Healthy,5
148,Medium,1
149,Healthy,5
149,Medium,1
150,Healthy,4
150,Critical,2
151,Healthy,8
152,Healthy,8
153,Healthy,8
154,Healthy,8
155,Healthy,8
156,Healthy,8
157,Healthy,8
158,Healthy,8
159,Healthy,40
160,Healthy,8
161,Critical,10
161,Healthy,2
162,Critical,5
162,Healthy,1
163,Healthy,70
163,Low,7
163,Medium,3
164,Healthy,8
165,Healthy,24
165,Critical,8
166,Healthy,8
167,Healthy,14
167,Medium,2
168,Healthy,7
168,Low,1
169,Healthy,49
169,Medium,7
170,Healthy,7
170,Medium,1
171,Healthy,7
171,Low,1
172,Healthy,7
172,Medium,1
173,Healthy,6
173,Critical,2
174,Healthy,8
175,Healthy,30
176,Healthy,6
177,Healthy,12
178,Healthy,6
179,Healthy,6
180,Healthy,18
181,Healthy,6
182,Healthy,6
183,Healthy,6
184,Healthy,6
185,Healthy,6
186,Healthy,6
187,Healthy,6
188,Healthy,6
189,Healthy,6
190,Healthy,6
191,Healthy,6
192,Healthy,6
193,Healthy,6
194,Healthy,6
195,Healthy,6
196,Healthy,6
197,Healthy,6
198,Healthy,6
199,Healthy,6
200,Healthy,5
200,Medium,4
201,Healthy,5
201,Medium,4
202,Healthy,5
202,Medium,4
203,Healthy,4
203,Medium,4
203,Critical,1
204,Healthy,20
204,Medium,9
204,Low,7
205,Healthy,5
205,Medium,4
206,Healthy,5
206,Medium,4
207,Healthy,30
207,Medium,14
207,Critical,1
208,Healthy,14
208,Medium,4
209,Healthy,9
210,Healthy,5
210,Critical,4
211,Healthy,15
211,Critical,12
212,Healthy,5
212,Medium,4
213,Healthy,10
213,Low,4
213,Critical,4
214,Healthy,5
214,Low,4
215,Healthy,5
215,Low,4
216,Healthy,5
216,Low,4
217,Healthy,5
217,Low,4
218,Healthy,5
218,Low,4
219,Healthy,5
219,Low,4
220,Healthy,3
220,Medium,2
220,Low,2
220,Critical,2
221,Healthy,5
221,Low,2
221,Medium,2
222,Healthy,5
222,Critical,4
223,Healthy,6
224,Healthy,5
224,Medium,1
225,Healthy,6
226,Healthy,6
227,Healthy,5
227,Medium,1
228,Healthy,25
228,Medium,5
229,Healthy,5
229,Medium,1
230,Healthy,5
230,Medium,1
231,Healthy,5
231,Medium,1
232,Healthy,10
232,Medium,2
233,Healthy,5
233,Medium,1
234,Healthy,5
234,Medium,1
235,Healthy,5
235,Low,1
236,Healthy,5
236,Critical,1
237,Healthy,53
237,Critical,7
237,Low,6
238,Healthy,10
238,Low,2
239,Healthy,5
239,Medium,1
240,Healthy,5
240,Low,1
241,Healthy,6
242,Healthy,18
243,Healthy,6
244,Healthy,6
245,Healthy,6
246,Healthy,6
247,Healthy,6
248,Healthy,6
249,Healthy,6
250,Healthy,12
251,Healthy,6
252,Healthy,6
253,Healthy,18
254,Healthy,6
255,Healthy,6
256,Healthy,6
257,Healthy,6
258,Healthy,6
259,Healthy,6
260,Healthy,6
261,Healthy,12
262,Healthy,6
263,Healthy,6
264,Healthy,6
265,Healthy,6
266,Healthy,6
267,Healthy,6
268,Healthy,3
268,Low,3
269,Healthy,6
269,Critical,3
269,Low,3
270,Low,3
270,Healthy,3
271,Healthy,3
271,Critical,3
272,Healthy,3
272,Critical,3
273,Critical,3
273,Healthy,3
274,Healthy,6
275,Low,3
275,Healthy,3
276,Low,3
276,Healthy,3
277,Healthy,3
277,Critical,3
278,Healthy,3
278,Critical,3
279,Healthy,6
280,Healthy,6
281,Healthy,6
282,Healthy,23
282,Critical,1
283,Healthy,6
284,Healthy,6
285,Healthy,6
286,Healthy,5
286,Medium,1
287,Healthy,44
287,Medium,22
288,Healthy,4
288,Medium,2
289,Healthy,20
289,Medium,10
290,Healthy,4
290,Medium,2
291,Healthy,4
291,Medium,2
292,Healthy,6
292,Medium,4
292,Low,2
293,Healthy,15
293,Low,10
293,Medium,5
294,Healthy,3
294,Low,2
294,Medium,1
295,Healthy,3
295,Low,2
295,Medium,1
296,Healthy,3
296,Low,2
296,Medium,1
297,Healthy,3
297,Low,2
297,Medium,1
298,Healthy,6
298,Critical,4
298,Low,2
299,Healthy,6
299,Critical,4
299,Low,1
299,Medium,1
300,Healthy,3
300,Critical,2
300,Medium,1
301,Healthy,79
302,Healthy,6
303,Healthy,12
304,Healthy,6
305,Healthy,6
306,Healthy,6
307,Healthy,6
308,Healthy,6
309,Healthy,6
310,Healthy,6
311,Healthy,6
312,Healthy,6
313,Healthy,6
314,Healthy,6
315,Healthy,6
316,Healthy,6
317,Healthy,6
318,Healthy,6
319,Healthy,6
320,Healthy,6
321,Healthy,6
322,Healthy,6
323,Healthy,6
324,Healthy,6
325,Healthy,5
325,Critical,1
326,Healthy,12
327,Healthy,6
328,Healthy,6
329,Healthy,6
330,Healthy,6
331,Healthy,6
332,Healthy,6
333,Healthy,6
334,Healthy,6
335,Healthy,12
336,Healthy,6
337,Healthy,6
338,Healthy,6
339,Healthy,6
340,Healthy,12
341,Healthy,6
342,Healthy,6
343,Healthy,6
344,Healthy,6
345,Healthy,6
346,Healthy,6
347,Healthy,6
348,Healthy,6
349,Healthy,12
350,Healthy,6
351,Healthy,5
351,Medium,1
352,Healthy,5
352,Medium,1
353,Healthy,5
353,Low,1
354,Healthy,5
354,Low,1
355,Healthy,5
355,Low,1
356,Healthy,5
356,Medium,1
357,Healthy,6
358,Healthy,30
358,Medium,6
359,Healthy,5
359,Medium,1
360,Healthy,5
360,Medium,1
361,Healthy,5
361,Low,1
362,Healthy,5
362,Medium,1
363,Healthy,5
363,Medium,1
364,Healthy,5
364,Medium,1
365,Healthy,5
365,Medium,1
366,Critical,6
367,Healthy,10
367,Low,1
367,Critical,1
368,Healthy,10
368,Critical,2
369,Healthy,5
369,Critical,1
370,Healthy,5
370,Critical,1
371,Healthy,5
371,Low,1
372,Healthy,20
372,Low,4
373,Healthy,5
373,Critical,1
374,Healthy,7
374,Critical,4
374,Medium,1
375,Healthy,12
376,Healthy,7
376,Critical,4
376,Medium,1
377,Healthy,7
377,Critical,4
377,Medium,1
378,Healthy,7
378,Critical,4
378,Medium,1
379,Healthy,8
379,Critical,4
380,Healthy,8
380,Low,4
381,Healthy,8
381,Low,4
382,Healthy,40
382,Low,16
382,Medium,4
383,Healthy,8
383,Low,4
384,Healthy,8
384,Low,4
385,Healthy,7
385,Critical,4
385,Medium,1
386,Healthy,9
386,Medium,3
387,Healthy,10
387,Medium,2
388,Healthy,12
389,Healthy,12
390,Healthy,24
391,Healthy,8
391,Medium,4
392,Healthy,8
392,Medium,4
393,Healthy,8
393,Medium,4
394,Healthy,7
394,Medium,4
394,Critical,1
395,Healthy,8
395,Medium,4
396,Healthy,8
396,Low,4
397,Healthy,8
397,Low,3
397,Medium,1
398,Healthy,8
398,Medium,4
399,Healthy,8
399,Medium,4
400,Healthy,8
400,Medium,4
401,Healthy,7
401,Medium,4
401,Low,1
402,Healthy,8
402,Medium,4
403,Healthy,5
404,Healthy,5
405,Healthy,5
406,Healthy,15
407,Healthy,15
408,Healthy,5
409,Healthy,100
409,Low,6
409,Medium,1
409,Critical,1
410,Healthy,5
411,Healthy,5
412,Healthy,5
413,Healthy,5
414,Healthy,10
415,Healthy,5
416,Healthy,10
417,Healthy,5
418,Healthy,5
419,Healthy,5
420,Healthy,5
421,Healthy,5
422,Healthy,5
423,Healthy,5
424,Healthy,5
425,Healthy,10
426,Healthy,45
427,Healthy,5
428,Healthy,10
429,Healthy,5
430,Healthy,10
431,Healthy,5
432,Healthy,5
433,Healthy,5
434,Healthy,10
435,Healthy,5
436,Healthy,5
437,Healthy,5
438,Healthy,5
439,Healthy,5
440,Healthy,5
441,Healthy,10
442,Healthy,5
443,Healthy,10
444,Healthy,10
445,Healthy,5
446,Healthy,5
447,Healthy,5
448,Healthy,5
449,Healthy,10
450,Healthy,5
451,Healthy,5
452,Healthy,5
453,Healthy,5
454,Healthy,25
455,Healthy,5
456,Healthy,5
457,Healthy,5
458,Healthy,5
459,Healthy,5
460,Healthy,40
461,Healthy,20
462,Healthy,5
463,Healthy,5
464,Healthy,5
465,Healthy,5
466,Healthy,5
467,Healthy,5
468,Healthy,5
469,Healthy,5
470,Healthy,5
471,Healthy,5
472,Healthy,10
473,Healthy,23
473,Medium,4
474,Healthy,5
475,Healthy,5
476,Healthy,5
477,Healthy,5
478,Healthy,118
478,Medium,14
479,Healthy,9
479,Medium,2
480,Healthy,11
481,Healthy,11
482,Healthy,11
483,Healthy,55
484,Healthy,11
485,Healthy,9
485,Medium,2
486,Healthy,11
487,Healthy,7
488,Healthy,35
489,Healthy,56
490,Healthy,98
491,Healthy,7
492,Healthy,70
493,Healthy,7
494,Healthy,7
495,Healthy,7
496,Healthy,14
497,Healthy,7
498,Healthy,10
498,Critical,2
499,Healthy,10
499,Medium,2
500,Healthy,20
500,Critical,4
501,Healthy,10
501,Critical,2
502,Healthy,20
502,Critical,4
503,Healthy,80
503,Low,10
503,Medium,6
504,Healthy,40
504,Medium,8
505,Healthy,10
505,Medium,2
506,Healthy,10
506,Medium,2
507,Healthy,10
507,Low,2
508,Healthy,10
508,Medium,2
509,Healthy,10
509,Medium,2
510,Healthy,10
510,Medium,2
511,Medium,4
511,Healthy,2
512,Medium,32
512,Healthy,18
512,Low,4
513,Medium,4
513,Healthy,2
514,Healthy,12
515,Healthy,6
516,Healthy,6
517,Healthy,18
518,Healthy,6
519,Healthy,6
520,Medium,4
520,Healthy,2
521,Healthy,6
522,Healthy,6
523,Healthy,3
523,Medium,3
524,Medium,4
524,Healthy,2
525,Medium,4
525,Healthy,2
526,Medium,4
526,Healthy,2
527,Low,4
527,Healthy,2
528,Low,4
528,Healthy,2
529,Healthy,57
529,Medium,3
530,Healthy,12
531,Healthy,11
531,Medium,1
532,Critical,6
532,Healthy,6
533,Critical,6
533,Healthy,6
534,Low,6
534,Healthy,6
535,Low,6
535,Healthy,6
536,Healthy,12
536,Low,6
536,Critical,6
537,Healthy,11
537,Medium,1
538,Low,6
538,Healthy,6
539,Healthy,11
539,Medium,1
540,Healthy,6
540,Critical,6
541,Critical,6
541,Healthy,6
542,Low,6
542,Healthy,6
543,Healthy,6
543,Low,6
544,Healthy,6
544,Critical,6
545,Healthy,63
545,Medium,2
546,Healthy,13
547,Healthy,98
547,Medium,7
548,Healthy,13
549,Healthy,13
550,Healthy,13
551,Healthy,12
551,Low,1
552,Healthy,24
552,Low,2
553,Healthy,12
553,Medium,1
554,Healthy,12
554,Medium,1
555,Healthy,13
556,Healthy,12
556,Medium,1
557,Healthy,12
557,Medium,1
558,Healthy,24
558,Medium,2
559,Healthy,12
559,Medium,1
560,Healthy,13
561,Healthy,42
562,Healthy,7
563,Healthy,7
564,Healthy,14
565,Healthy,6
565,Critical,1
566,Healthy,7
567,Healthy,7
568,Healthy,7
569,Healthy,14
570,Healthy,42
571,Healthy,7
572,Healthy,7
573,Healthy,7
574,Healthy,7
575,Healthy,7
576,Healthy,7
577,Healthy,7
578,Healthy,7
579,Healthy,6
579,Critical,1
580,Healthy,24
580,Medium,4
581,Healthy,6
581,Critical,1
582,Healthy,4
582,Medium,2
582,Critical,1
583,Healthy,10
583,Medium,2
583,Critical,2
584,Healthy,16
584,Critical,3
584,Medium,2
585,Healthy,6
585,Medium,1
586,Healthy,21
586,Medium,10
586,Critical,3
586,Low,1
587,Healthy,6
587,Medium,1
588,Healthy,4
588,Medium,2
588,Low,1
589,Healthy,8
589,Medium,3
589,Critical,2
589,Low,1
590,Healthy,4
590,Medium,2
590,Critical,1
591,Healthy,4
591,Medium,3
592,Healthy,4
592,Medium,3
593,Healthy,6
593,Critical,1
594,Healthy,6
594,Medium,1
595,Healthy,7
595,Low,5
595,Medium,1
596,Healthy,7
596,Low,3
596,Critical,2
596,Medium,1
597,Healthy,108
597,Low,5
597,Critical,4
598,Healthy,7
598,Low,5
598,Medium,1
599,Healthy,21
599,Low,13
599,Medium,5
600,Healthy,7
600,Critical,5
600,Low,1
601,Healthy,14
601,Critical,10
601,Low,2
602,Healthy,12
602,Critical,1
603,Healthy,7
603,Medium,4
603,Low,2
604,Healthy,14
604,Low,7
604,Medium,5
605,Healthy,7
605,Low,5
605,Medium,1
606,Healthy,12
606,Low,1
607,Healthy,7
607,Critical,5
607,Low,1
608,Healthy,7
608,Critical,5
608,Low,1
609,Healthy,7
609,Critical,5
609,Low,1
610,Healthy,7
610,Low,3
610,Critical,2
610,Medium,1
611,Healthy,12
611,Critical,1
612,Healthy,7
613,Healthy,7
614,Healthy,7
615,Healthy,7
616,Healthy,7
617,Healthy,35
618,Healthy,7
619,Healthy,7
620,Healthy,7
621,Healthy,7
622,Healthy,7
623,Healthy,7
624,Healthy,7
625,Healthy,7
626,Healthy,12
626,Critical,1
627,Healthy,13
628,Healthy,12
628,Low,1
629,Healthy,12
629,Critical,1
630,Healthy,26
631,Healthy,13
632,Healthy,24
632,Critical,2
633,Healthy,39
634,Healthy,13
635,Healthy,13
636,Healthy,12
636,Low,1
637,Healthy,36
637,Critical,2
637,Low,1
638,Healthy,63
639,Healthy,14
640,Healthy,14
641,Healthy,7
642,Healthy,14
643,Healthy,7
644,Healthy,21
645,Healthy,7
646,Healthy,7
647,Healthy,21
648,Healthy,7
649,Healthy,7
650,Healthy,7
651,Healthy,7
652,Healthy,7
653,Healthy,7
654,Healthy,7
655,Healthy,7
656,Healthy,35
657,Healthy,70
658,Healthy,7
659,Healthy,7
660,Healthy,7
661,Healthy,7
662,Healthy,7
663,Healthy,7
664,Healthy,7
665,Healthy,14
666,Healthy,7
667,Healthy,21
668,Healthy,7
669,Healthy,7
670,Healthy,7
671,Healthy,7
672,Healthy,14
672,Medium,2
673,Healthy,6
674,Healthy,8
675,Healthy,6
675,Critical,2
676,Healthy,40
677,Healthy,7
677,Medium,1
678,Healthy,7
678,Medium,1
679,Healthy,7
679,Medium,1
680,Healthy,8
681,Healthy,14
681,Medium,2
682,Healthy,8
683,Healthy,7
683,Medium,1
684,Healthy,8
685,Healthy,8
686,Healthy,6
686,Critical,2
687,Healthy,8
688,Healthy,8
689,Healthy,22
689,Critical,2
690,Healthy,7
690,Medium,1
691,Healthy,8
692,Healthy,48
692,Medium,13
692,Low,11
693,Healthy,24
693,Critical,6
693,Low,6
694,Healthy,6
694,Low,3
695,Healthy,12
695,Critical,6
696,Healthy,9
697,Healthy,9
698,Healthy,9
699,Healthy,6
699,Low,3
700,Healthy,6
700,Low,3
701,Healthy,9
702,Healthy,9
703,Healthy,6
703,Medium,3
704,Healthy,5
704,Critical,3
704,Medium,1
705,Healthy,9
706,Healthy,9
707,Healthy,9
708,Healthy,6
708,Critical,3
709,Healthy,6
709,Medium,3
710,Healthy,117
711,Healthy,13
712,Healthy,52
713,Healthy,13
714,Healthy,13
715,Healthy,13
716,Healthy,13
717,Healthy,20
717,Critical,6
718,Healthy,10
718,Critical,3
719,Healthy,13
720,Healthy,10
720,Critical,3
721,Healthy,13
722,Healthy,13
723,Healthy,13
724,Healthy,22
725,Healthy,7
726,Healthy,7
727,Healthy,13
727,Critical,1
728,Healthy,7
729,Healthy,5
729,Critical,2
730,Healthy,14
731,Healthy,14
732,Healthy,7
733,Healthy,14
734,Healthy,21
735,Healthy,7
736,Healthy,7
737,Healthy,7
738,Healthy,7
739,Healthy,7
740,Healthy,7
741,Healthy,7
742,Healthy,7
743,Healthy,28
744,Healthy,7
745,Healthy,7
746,Healthy,7
747,Healthy,7
748,Healthy,32
749,Healthy,8
750,Healthy,66
751,Healthy,8
752,Healthy,8
753,Healthy,8
754,Healthy,8
755,Healthy,24
756,Healthy,16
757,Healthy,8
758,Healthy,8
759,Healthy,8
760,Healthy,8
761,Healthy,8
762,Healthy,32
763,Healthy,8
764,Healthy,8
765,Healthy,8
766,Healthy,8
767,Healthy,8
768,Healthy,16
769,Healthy,5
769,Low,2
770,Healthy,5
770,Low,2
771,Healthy,10
771,Low,4
772,Healthy,15
772,Low,6
773,Healthy,35
773,Critical,11
773,Low,3
774,Healthy,5
774,Low,1
774,Medium,1
775,Healthy,5
775,Medium,1
775,Low,1
776,Healthy,5
776,Medium,2
777,Healthy,5
777,Medium,2
778,Healthy,5
778,Medium,2
779,Healthy,5
779,Medium,2
780,Healthy,10
780,Medium,4
781,Healthy,30
781,Medium,12
782,Healthy,5
782,Medium,2
783,Healthy,5
783,Low,1
783,Medium,1
784,Healthy,6
784,Medium,1
785,Healthy,5
785,Critical,2
786,Healthy,6
786,Critical,3
787,Healthy,8
787,Critical,1
788,Healthy,9
789,Healthy,18
790,Healthy,9
791,Healthy,9
792,Healthy,9
793,Healthy,8
793,Critical,1
794,Healthy,9
795,Healthy,6
795,Critical,3
796,Healthy,18
797,Healthy,9
798,Healthy,9
799,Healthy,9
800,Healthy,9
801,Healthy,9
802,Healthy,9
803,Healthy,9
804,Healthy,119
805,Healthy,5
806,Healthy,72
807,Healthy,5
808,Healthy,20
809,Healthy,5
810,Healthy,5
811,Healthy,15
812,Healthy,5
813,Healthy,5
814,Healthy,5
815,Healthy,5
816,Healthy,5
817,Healthy,5
818,Healthy,5
819,Healthy,10
820,Healthy,5
821,Healthy,5
822,Healthy,5
823,Healthy,5
824,Healthy,5
825,Healthy,7
826,Healthy,7
827,Healthy,7
828,Healthy,7
829,Healthy,7
830,Healthy,7
831,Healthy,7
832,Healthy,4
832,Critical,2
832,Low,1
833,Healthy,4
833,Critical,2
833,Low,1
834,Healthy,8
834,Critical,4
834,Low,2
835,Healthy,4
835,Critical,2
835,Low,1
836,Healthy,7
837,Healthy,7
838,Healthy,84
839,Healthy,7
840,Healthy,7
841,Healthy,28
841,Medium,4
841,Low,3
841,Critical,1
842,Healthy,9
843,Healthy,9
844,Healthy,9
845,Healthy,9
846,Healthy,9
847,Healthy,9
848,Healthy,9
849,Healthy,8
849,Critical,1
850,Healthy,8
850,Critical,1
851,Healthy,7
851,Medium,1
851,Critical,1
852,Healthy,7
852,Critical,1
852,Medium,1
853,Healthy,7
853,Medium,1
853,Critical,1
854,Healthy,8
854,Critical,1
855,Healthy,9
856,Healthy,7
856,Medium,1
856,Low,1
857,Healthy,7
857,Low,1
857,Medium,1
858,Healthy,7
858,Medium,1
858,Low,1
859,Healthy,7
859,Medium,1
859,Low,1
860,Healthy,7
861,Healthy,7
862,Healthy,7
863,Healthy,7
864,Healthy,7
865,Healthy,14
866,Healthy,7
867,Healthy,7
868,Healthy,7
869,Healthy,7
870,Healthy,35
871,Healthy,14
872,Healthy,7
873,Healthy,7
874,Healthy,7
875,Healthy,7
876,Healthy,7
877,Healthy,7
878,Healthy,21
879,Healthy,7
880,Healthy,49
881,Healthy,50
882,Healthy,10
883,Healthy,10
884,Healthy,10
885,Healthy,10
886,Healthy,10
887,Healthy,10
888,Healthy,10
889,Healthy,10
890,Healthy,50
891,Healthy,10
892,Healthy,50
893,Healthy,10
894,Healthy,10
895,Healthy,10
896,Healthy,10
897,Healthy,10
898,Healthy,10
899,Healthy,10
900,Healthy,60
901,Healthy,10
902,Healthy,10
903,Healthy,20
904,Healthy,10
905,Healthy,10
906,Healthy,10
907,Healthy,20
908,Healthy,10
909,Healthy,10
910,Healthy,10
911,Healthy,10
912,Healthy,20
913,Healthy,10
914,Healthy,6
915,Healthy,6
916,Healthy,15
917,Healthy,6
918,Healthy,6
919,Healthy,6
920,Healthy,6
921,Healthy,12
922,Healthy,6
923,Healthy,6
924,Healthy,30
925,Healthy,6
926,Healthy,6
927,Healthy,6
928,Healthy,6
929,Healthy,6
930,Healthy,6
931,Healthy,6
932,Healthy,6
933,Healthy,6
934,Healthy,6
935,Healthy,6
936,Healthy,6
937,Healthy,6
938,Healthy,6
939,Healthy,6
940,Healthy,27
941,Healthy,9
942,Healthy,9
943,Healthy,9
944,Healthy,9
945,Healthy,9
946,Healthy,9
947,Healthy,9
948,Healthy,63
949,Healthy,9
950,Healthy,9
951,Healthy,9
952,Healthy,9
953,Healthy,9
954,Healthy,9
955,Healthy,9
956,Healthy,9
957,Healthy,9
958,Healthy,6
959,Healthy,6
960,Healthy,12
961,Healthy,6
962,Healthy,6
963,Healthy,6
964,Healthy,6
965,Healthy,6
966,Healthy,6
967,Healthy,6
968,Healthy,6
969,Healthy,30
970,Healthy,6
971,Healthy,6
972,Healthy,18
973,Healthy,6
974,Healthy,6
975,Healthy,6
976,Healthy,6
977,Healthy,6
978,Healthy,6
979,Healthy,6
980,Healthy,6
981,Healthy,6
982,Healthy,6
983,Healthy,6
984,Healthy,6
985,Healthy,18
986,Healthy,9
987,Healthy,9
988,Healthy,18
989,Healthy,9
990,Healthy,9
991,Healthy,53
991,Medium,1
992,Healthy,9
993,Healthy,8
993,Medium,1
994,Healthy,8
994,Medium,1
995,Healthy,9
996,Healthy,9
997,Healthy,9
998,Healthy,9
999,Healthy,9
1000,Healthy,9
1001,Healthy,27
1002,Healthy,9
1003,Healthy,9
1004,Healthy,9
1005,Healthy,9
1006,Healthy,9
1007,Healthy,9
1008,Healthy,9
1009,Healthy,18
1010,Healthy,63
1011,Healthy,9
1012,Healthy,9
1013,Healthy,9
1014,Healthy,9
1015,Healthy,6
1016,Healthy,6
1017,Healthy,18
1018,Healthy,18
1019,Healthy,6
1020,Healthy,6
1021,Healthy,6
1022,Healthy,6
1023,Healthy,6
1024,Healthy,12
1025,Healthy,6
1026,Healthy,6
1027,Healthy,6
1028,Healthy,24
1029,Healthy,6
1030,Healthy,6
1031,Healthy,6
1032,Healthy,6
1033,Healthy,12
1033,Critical,1
1034,Healthy,47
1034,Critical,1
1035,Healthy,6
1036,Healthy,6
1037,Healthy,6
1038,Healthy,6
1039,Healthy,6
1040,Healthy,6
1041,Healthy,6
1042,Healthy,6
1043,Healthy,6
1044,Healthy,6
1045,Healthy,122
1045,Medium,12
1045,Low,8
1046,Healthy,9
1047,Healthy,9
1048,Healthy,6
1048,Critical,3
1049,Healthy,6
1049,Critical,3
1050,Healthy,9
1051,Healthy,18
1052,Healthy,18
1053,Healthy,9
1054,Healthy,9
1055,Healthy,9
1056,Healthy,9
1057,Healthy,9
1058,Healthy,9
1059,Healthy,9
1060,Healthy,9
1061,Healthy,9
1062,Healthy,9
1063,Healthy,9
1064,Healthy,9
1065,Healthy,9
1066,Healthy,9
1067,Healthy,9
1068,Healthy,9
1069,Healthy,18
1070,Healthy,9
1071,Healthy,9
1072,Healthy,9
1073,Healthy,9
1073,Medium,1
1074,Healthy,9
1074,Medium,1
1075,Healthy,8
1075,Low,1
1075,Medium,1
1076,Healthy,8
1076,Medium,2
1077,Healthy,9
1077,Medium,1
1078,Healthy,9
1078,Medium,1
1079,Healthy,9
1079,Medium,1
1080,Healthy,9
1080,Medium,1
1081,Healthy,9
1081,Medium,1
1082,Healthy,9
1082,Medium,1
1083,Healthy,10
1084,Healthy,15
1084,Medium,1
1085,Healthy,10
1086,Healthy,9
1086,Medium,1
1087,Healthy,9
1087,Medium,1
1088,Healthy,8
1088,Medium,1
1088,Low,1
1089,Healthy,8
1089,Low,1
1089,Medium,1
1090,Healthy,10
1091,Healthy,10
1092,Healthy,8
1092,Critical,1
1092,Low,1
1093,Healthy,40
1093,Critical,4
1093,Medium,3
1093,Low,3
1094,Healthy,8
1094,Critical,1
1094,Low,1
1095,Healthy,8
1095,Medium,2
1096,Healthy,8
1096,Medium,1
1096,Low,1
1097,Healthy,58
1097,Medium,2
1098,Healthy,6
1099,Healthy,6
1100,Healthy,26
1100,Medium,8
1100,Low,4
1101,Healthy,4
1101,Medium,2
1102,Healthy,4
1102,Medium,2
1103,Healthy,24
1103,Medium,8
1104,Healthy,4
1104,Medium,2
1105,Healthy,6
1106,Healthy,6
1107,Healthy,4
1107,Medium,2
1108,Healthy,4
1108,Medium,2
1109,Healthy,4
1109,Medium,2
1110,Healthy,4
1110,Low,2
1111,Healthy,16
1111,Low,8
1112,Healthy,4
1112,Low,2
1113,Healthy,4
1113,Low,2
1114,Healthy,4
1114,Low,2
1115,Healthy,8
1116,Healthy,8
1117,Healthy,8
1118,Healthy,8
1119,Healthy,8
1120,Healthy,8
1121,Healthy,8
1122,Healthy,16
1123,Healthy,8
1124,Healthy,8
1125,Healthy,8
1126,Healthy,8
1127,Healthy,16
1128,Healthy,8
1129,Healthy,24
1130,Healthy,8
1131,Healthy,8
1132,Healthy,8
1133,Healthy,8
1134,Healthy,8
1135,Healthy,5
1135,Critical,3
1136,Healthy,8
1137,Healthy,5
1137,Critical,3
1138,Healthy,8
1139,Healthy,5
1139,Critical,3
1140,Healthy,5
1140,Critical,3
1141,Healthy,5
1141,Critical,3
1142,Healthy,5
1142,Critical,3
1143,Healthy,5
1143,Low,3
1144,Healthy,56
1145,Healthy,7
1146,Healthy,7
1147,Healthy,7
1148,Healthy,6
1148,Critical,1
1149,Healthy,6
1149,Critical,1
1150,Healthy,7
1151,Healthy,7
1152,Healthy,42
1153,Healthy,7
1154,Healthy,7
1155,Healthy,7
1156,Healthy,7
1157,Healthy,7
1158,Healthy,7
1159,Healthy,7
1160,Healthy,14
1161,Healthy,7
1162,Healthy,7
1163,Healthy,7
1164,Healthy,7
1165,Healthy,7
1166,Healthy,6
1166,Critical,1
1167,Healthy,6
1167,Critical,1
1168,Healthy,6
1168,Critical,1
1169,Healthy,7
1170,Healthy,12
1170,Critical,2
1171,Healthy,6
1171,Critical,1
1172,Healthy,12
1172,Low,2
1173,Healthy,7
1174,Healthy,6
1174,Low,1
1175,Healthy,7
1176,Healthy,7
1177,Healthy,6
1177,Low,1
1178,Healthy,5
1178,Low,1
1178,Medium,1
1179,Healthy,6
1179,Critical,1
1180,Healthy,6
1180,Critical,1
1181,Healthy,6
1181,Critical,1
1182,Healthy,5
1182,Low,2
1183,Healthy,5
1183,Low,2
1184,Healthy,5
1184,Low,2
1185,Healthy,5
1185,Low,2
1186,Healthy,5
1186,Medium,1
1186,Low,1
1187,Healthy,5
1187,Medium,1
1187,Low,1
1188,Healthy,5
1188,Medium,2
1189,Healthy,5
1189,Medium,2
1190,Healthy,5
1190,Medium,2
1191,Healthy,6
1191,Medium,1
1192,Healthy,15
1192,Medium,6
1193,Healthy,5
1193,Medium,2
1194,Healthy,5
1194,Medium,2
1195,Healthy,5
1195,Medium,2
1196,Healthy,24
1196,Medium,6
1196,Low,2
1197,Healthy,7
1198,Healthy,7
1199,Healthy,10
1199,Critical,2
1200,Healthy,6
1201,Healthy,6
1202,Healthy,6
1203,Healthy,12
1204,Healthy,24
1205,Healthy,6
1206,Healthy,6
1207,Healthy,20
1207,Medium,4
1208,Healthy,15
1208,Medium,3
1209,Healthy,6
1210,Healthy,5
1210,Medium,1
1211,Healthy,5
1211,Medium,1
1212,Healthy,5
1212,Medium,1
1213,Healthy,5
1213,Medium,1
1214,Healthy,10
1214,Medium,2
1215,Healthy,12
1216,Healthy,6
1217,Healthy,4
1217,Medium,1
1217,Critical,1
1218,Healthy,6
1219,Healthy,15
1219,Critical,2
1219,Low,1
1220,Healthy,15
1220,Critical,2
1220,Low,1
1221,Healthy,7
1221,Critical,2
1222,Healthy,7
1222,Critical,2
1223,Healthy,7
1223,Critical,2
1224,Healthy,7
1224,Critical,2
1225,Healthy,7
1225,Critical,2
1226,Healthy,7
1226,Critical,1
1226,Low,1
1227,Healthy,23
1227,Low,3
1227,Medium,1
1228,Healthy,7
1228,Low,1
1228,Medium,1
1229,Healthy,7
1229,Medium,1
1229,Low,1
1230,Healthy,8
1230,Low,1
1231,Healthy,8
1231,Low,1
1232,Healthy,8
1232,Medium,1
1233,Healthy,7
1233,Critical,1
1233,Medium,1
1234,Healthy,7
1234,Medium,1
1234,Critical,1
1235,Healthy,7
1235,Medium,1
1235,Critical,1
1236,Healthy,8
1236,Critical,1
1237,Healthy,9
1238,Healthy,7
1238,Medium,1
1238,Critical,1
1239,Healthy,7
1239,Critical,1
1239,Medium,1
1240,Healthy,7
1240,Critical,1
1240,Medium,1
1241,Healthy,7
1241,Critical,1
1241,Medium,1
1242,Healthy,7
1242,Medium,1
1242,Critical,1
1243,Healthy,7
1243,Critical,1
1243,Medium,1
1244,Healthy,6
1245,Healthy,6
1246,Healthy,48
1247,Healthy,6
1248,Healthy,6
1249,Healthy,12
1250,Healthy,6
1251,Healthy,6
1252,Healthy,6
1253,Healthy,30
1254,Healthy,6
1255,Healthy,6
1256,Healthy,6
1257,Healthy,6
1258,Healthy,6
1259,Healthy,6
1260,Healthy,6
1261,Healthy,6
1262,Healthy,6
1263,Healthy,6
1264,Healthy,7
1265,Healthy,7
1266,Healthy,7
1267,Healthy,7
1268,Healthy,7
1269,Healthy,14
1270,Healthy,7
1271,Healthy,7
1272,Healthy,7
1273,Healthy,7
1274,Healthy,7
1275,Healthy,7
1276,Healthy,7
1277,Healthy,7
1278,Healthy,7
1279,Healthy,7
1280,Healthy,7
1281,Healthy,7
1282,Healthy,21
1283,Healthy,7
1284,Healthy,7
1285,Healthy,7
1286,Healthy,7
1287,Healthy,7
1288,Healthy,7
1289,Healthy,21
1290,Healthy,5
1290,Critical,1
1291,Healthy,5
1291,Critical,1
1292,Healthy,4
1292,Critical,2
1293,Healthy,20
1293,Low,6
1293,Critical,4
1294,Healthy,4
1294,Critical,2
1295,Healthy,24
1295,Low,7
1295,Medium,5
1296,Healthy,8
1296,Low,4
1297,Healthy,4
1297,Critical,2
1298,Healthy,14
1298,Medium,4
1299,Healthy,5
1299,Medium,1
1300,Healthy,4
1300,Medium,2
1301,Healthy,8
1301,Medium,4
1302,Healthy,4
1302,Medium,2
1303,Healthy,4
1303,Medium,2
1304,Healthy,6
1305,Healthy,4
1305,Medium,2
1306,Healthy,4
1306,Medium,2
1307,Healthy,4
1307,Medium,2
1308,Healthy,4
1308,Medium,2
1309,Healthy,4
1309,Medium,2
1310,Healthy,4
1310,Low,2
1311,Healthy,7
1312,Healthy,11
1312,Medium,3
1313,Healthy,5
1313,Medium,2
1314,Healthy,6
1314,Medium,1
1315,Healthy,6
1315,Medium,1
1316,Healthy,6
1316,Medium,1
1317,Healthy,30
1317,Medium,5
1318,Healthy,7
1319,Healthy,7
1320,Healthy,5
1320,Medium,2
1321,Healthy,25
1321,Medium,7
1321,Low,3
1322,Healthy,25
1322,Low,6
1322,Critical,3
1322,Medium,1
1323,Healthy,5
1323,Low,1
1323,Critical,1
1324,Healthy,5
1324,Critical,1
1324,Low,1
1325,Healthy,5
1325,Critical,1
1325,Low,1
1326,Healthy,10
1326,Medium,2
1326,Low,2
1327,Healthy,5
1327,Medium,1
1327,Low,1
1328,Healthy,10
1328,Low,2
1328,Medium,2
1329,Healthy,28
1330,Healthy,6
1331,Healthy,6
1332,Healthy,6
1333,Healthy,12
1334,Healthy,6
1335,Healthy,6
1336,Healthy,6
1337,Healthy,12
1338,Healthy,6
1339,Healthy,6
1340,Healthy,6
1341,Healthy,6
1342,Healthy,30
1343,Healthy,6
1344,Healthy,6
1345,Healthy,5
1346,Healthy,20
1347,Healthy,5
1348,Healthy,5
1349,Healthy,5
1350,Healthy,5
1351,Healthy,20
1352,Healthy,10
1353,Healthy,5
1354,Healthy,5
1355,Healthy,5
1356,Healthy,5
1357,Healthy,5
1358,Healthy,10
1359,Healthy,5
1360,Healthy,5
1361,Healthy,5
1362,Healthy,5
1363,Healthy,5
1364,Healthy,5
1365,Healthy,10
1366,Healthy,5
1367,Healthy,5
1367,Critical,1
1368,Healthy,6
1369,Healthy,5
1369,Critical,1
1370,Healthy,5
1370,Critical,1
1371,Healthy,4
1371,Low,1
1371,Critical,1
1372,Healthy,5
1372,Critical,1
1373,Healthy,10
1373,Low,1
1373,Critical,1
1374,Healthy,5
1374,Medium,1
1375,Healthy,6
1376,Healthy,6
1377,Healthy,5
1377,Medium,1
1378,Healthy,5
1378,Medium,1
1379,Healthy,5
1379,Medium,1
1380,Healthy,5
1380,Medium,1
1381,Healthy,5
1381,Medium,1
1382,Healthy,10
1382,Medium,2
1383,Healthy,5
1383,Medium,1
1384,Healthy,5
1384,Medium,1
1385,Healthy,5
1385,Medium,1
1386,Healthy,5
1386,Medium,1
1387,Healthy,5
1387,Medium,1
1388,Healthy,10
1388,Low,1
1388,Medium,1
1389,Healthy,20
1389,Low,4
1390,Healthy,10
1390,Low,2
1391,Healthy,5
1391,Low,1
1392,Healthy,5
1392,Medium,1
1393,Healthy,8
1394,Healthy,8
1395,Healthy,48
1396,Healthy,5
1396,Critical,1
1397,Healthy,5
1397,Critical,1
1398,Healthy,5
1398,Critical,1
1399,Healthy,10
1399,Critical,2
1400,Healthy,5
1400,Critical,1
1401,Healthy,6
1402,Healthy,5
1402,Medium,1
1403,Healthy,5
1403,Medium,1
1404,Healthy,5
1404,Medium,1
1405,Healthy,3
1405,Critical,2
1405,Medium,1
1406,Healthy,8
1406,Critical,2
1406,Medium,2
1407,Healthy,5
1407,Medium,1
1408,Healthy,5
1408,Medium,1
1409,Healthy,5
1409,Medium,1
1410,Healthy,5
1410,Medium,1
1411,Healthy,5
1411,Medium,1
1412,Healthy,13
1412,Critical,2
1412,Medium,2
1412,Low,1
1413,Healthy,5
1413,Low,1
1414,Healthy,15
1414,Low,3
1415,Healthy,8
1415,Critical,2
1415,Medium,2
1416,Healthy,30
1416,Low,9
1416,Critical,5
1417,Healthy,3
1417,Critical,2
1417,Low,1
1418,Healthy,5
1418,Low,1
1419,Healthy,4
1419,Critical,4
1420,Healthy,24
1420,Critical,4
1421,Healthy,10
1421,Low,10
1422,Healthy,6
1422,Medium,6
1423,Healthy,6
1423,Medium,1
1423,Low,1
1424,Healthy,6
1424,Medium,2
1425,Healthy,28
1425,Critical,12
1426,Healthy,15
1426,Medium,5
1427,Healthy,15
1427,Medium,5
1428,Healthy,12
1428,Critical,3
1428,Low,1
1429,Healthy,40
1430,Healthy,15
1431,Healthy,5
1432,Healthy,53
1433,Healthy,10
1434,Healthy,5
1435,Healthy,5
1436,Healthy,20
1437,Healthy,5
1438,Healthy,5
1439,Healthy,5
1440,Healthy,5
1441,Healthy,5
1442,Healthy,5
1443,Healthy,5
1444,Healthy,5
1445,Healthy,6
1445,Critical,3
1446,Healthy,13
1446,Critical,5
1447,Healthy,5
1447,Critical,2
1448,Healthy,6
1449,Healthy,12
1449,Critical,4
1450,Healthy,12
1450,Critical,4
1451,Healthy,10
1452,Healthy,5
1453,Healthy,5
1454,Healthy,5
1455,Healthy,4
1455,Critical,1
1456,Healthy,5
1457,Healthy,20
1457,Critical,5
1458,Healthy,4
1458,Critical,1
1459,Healthy,4
1459,Critical,1
1460,Healthy,4
1460,Critical,1
1461,Healthy,4
1461,Critical,1
1462,Healthy,5
1463,Healthy,10
1464,Healthy,4
1464,Critical,1
1465,Healthy,3
1465,Medium,1
1465,Critical,1
1466,Healthy,20
1467,Healthy,5
1468,Healthy,10
1469,Healthy,25
1469,Medium,6
1469,Critical,4
1470,Healthy,3
1470,Medium,1
1470,Critical,1
1471,Healthy,30
1472,Healthy,3
1472,Medium,1
1472,Critical,1
1473,Healthy,2
1473,Low,2
1473,Critical,1
1474,Healthy,2
1474,Low,2
1474,Critical,1
1475,Healthy,2
1475,Critical,1
1475,Low,1
1475,Medium,1
1476,Healthy,3
1476,Medium,1
1476,Critical,1
1477,Healthy,3
1477,Medium,2
1478,Healthy,5
1479,Healthy,5
1480,Healthy,5
1481,Healthy,10
1482,Healthy,5
1483,Healthy,5
1484,Healthy,5
1485,Healthy,10
1486,Healthy,5
1487,Healthy,5
1488,Healthy,2
1488,Low,2
1488,Critical,1
1489,Healthy,5
1490,Healthy,5
1491,Healthy,5
1492,Healthy,10
1493,Healthy,5
1494,Healthy,2
1494,Low,2
1494,Critical,1
1495,Low,2
1495,Healthy,2
1495,Critical,1
1496,Healthy,8
1496,Critical,8
1496,Low,4
1497,Low,2
1497,Healthy,2
1497,Critical,1
1498,Healthy,5
1499,Critical,3
1499,Healthy,2
1500,Critical,3
1500,Healthy,2
1501,Critical,3
1501,Healthy,2
